Date,Open,High,Low,Close,Adj Close,Volume
2020-07-27 04:00:00+00:00,63.01,64.41,63.01,64.2,64.2,2213.0
2020-07-28 04:00:00+00:00,64.16,64.76,64.14,64.21,64.21,2383.0
2020-07-29 04:00:00+00:00,65.1,65.43,64.77,65.36,65.36,2322.0
2020-07-30 04:00:00+00:00,63.25,63.25,61.2,62.41,62.41,12749.0
2020-07-31 04:00:00+00:00,61.13,62.58,61.13,62.58,62.58,2555.0
2020-08-03 04:00:00+00:00,62.89,64.77,62.89,64.33,64.33,9242.0
2020-08-04 04:00:00+00:00,62.87,62.87,61.89,62.02,62.02,1359.0
2020-08-05 04:00:00+00:00,61.96,63.12,61.96,62.46,62.46,5385.0
2020-08-06 04:00:00+00:00,62.46,63.13,62.36,62.57,62.57,8500.0
2020-08-07 04:00:00+00:00,62.75,64.17,62.46,64.17,64.17,8821.0
2020-08-10 04:00:00+00:00,65.12,66.81,65.12,65.9,65.9,1321.0
2020-08-11 04:00:00+00:00,67.63,68.39,67.26,67.48,67.48,7397.0
2020-08-12 04:00:00+00:00,68.24,68.88,67.53,67.73,67.73,1807.0
2020-08-13 04:00:00+00:00,66.95,66.95,66.07,66.07,66.07,1581.0
2020-08-14 04:00:00+00:00,66.8,66.8,66.61,66.63,66.63,1440.0
2020-08-17 04:00:00+00:00,66.94,66.99,66.01,66.82,66.82,2664.0
2020-08-18 04:00:00+00:00,66.26,66.3,65.6,65.62,65.62,1566.0
2020-08-19 04:00:00+00:00,66.43,67.37,66.43,66.88,66.88,1347.0
2020-08-20 04:00:00+00:00,65.97,66.24,65.77,65.9,65.9,2419.0
2020-08-21 04:00:00+00:00,65.04,65.41,63.73,65.0,65.0,6895.0
2020-08-24 04:00:00+00:00,65.32,65.32,64.44,64.66,64.66,1766.0
2020-08-25 04:00:00+00:00,65.0,65.08,64.07,64.8,64.8,4628.0
2020-08-26 04:00:00+00:00,64.79,65.18,64.27,64.84,64.84,2387.0
2020-08-27 04:00:00+00:00,64.98,65.01,64.41,64.55,64.55,1837.0
2020-08-28 04:00:00+00:00,64.61,64.61,64.2,64.57,64.57,1828.0
2020-08-31 04:00:00+00:00,63.75,63.75,63.48,63.48,63.48,573.0
2020-09-01 04:00:00+00:00,63.44,64.14,63.38,64.07,64.07,1546.0
2020-09-02 04:00:00+00:00,64.8,64.8,64.19,64.49,64.49,851.0
2020-09-03 04:00:00+00:00,65.02,65.02,62.89,62.93,62.93,860.0
2020-09-04 04:00:00+00:00,63.95,63.95,63.56,63.66,63.66,503.0
2020-09-08 04:00:00+00:00,62.47,63.17,62.47,62.52,62.52,736.0
2020-09-09 04:00:00+00:00,61.89,61.89,60.86,61.03,61.03,1982.0
2020-09-10 04:00:00+00:00,60.98,60.98,60.09,60.19,60.19,3420.0
2020-09-11 04:00:00+00:00,59.64,59.68,58.82,59.29,59.29,3076.0
2020-09-14 04:00:00+00:00,59.95,60.0,59.24,59.35,59.35,1926.0
2020-09-15 04:00:00+00:00,59.35,59.61,58.83,58.83,58.83,2145.0
2020-09-16 04:00:00+00:00,58.43,60.29,58.43,59.65,59.65,3632.0
2020-09-17 04:00:00+00:00,58.72,60.17,58.72,59.55,59.55,1206.0
2020-09-18 04:00:00+00:00,60.22,60.56,60.13,60.44,60.44,4668.0
2020-09-21 04:00:00+00:00,59.17,59.17,55.58,56.16,56.16,2710.0
2020-09-22 04:00:00+00:00,56.19,57.01,56.19,56.9,56.9,1828.0
2020-09-23 04:00:00+00:00,57.49,57.49,56.23,56.45,56.45,2783.0
2020-09-24 04:00:00+00:00,56.81,57.58,56.81,57.13,57.13,1501.0
2020-09-25 04:00:00+00:00,56.9,56.9,56.39,56.55,56.55,2161.0
2020-09-28 04:00:00+00:00,58.35,58.35,57.83,58.07,58.07,1707.0
2020-09-29 04:00:00+00:00,57.22,57.22,56.09,56.54,56.54,6341.0
2020-09-30 04:00:00+00:00,57.11,57.73,56.38,56.9,56.9,8389.0
2020-10-01 04:00:00+00:00,56.6,56.92,55.55,55.61,55.61,8315.0
2020-10-02 04:00:00+00:00,54.84,56.32,54.84,55.79,55.79,5872.0
2020-10-05 04:00:00+00:00,56.45,57.22,56.33,56.72,56.72,13047.0
2020-10-06 04:00:00+00:00,56.79,57.7,56.64,56.64,56.64,3893.0
2020-10-07 04:00:00+00:00,56.93,58.9,56.66,58.69,58.69,4697.0
2020-10-08 04:00:00+00:00,59.16,59.92,58.96,59.01,59.01,3193.0
2020-10-09 04:00:00+00:00,59.82,60.0,58.93,59.89,59.89,4696.0
2020-10-12 04:00:00+00:00,60.21,61.21,60.05,61.02,61.02,5512.0
2020-10-13 04:00:00+00:00,60.13,60.13,58.83,59.33,59.33,2886.0
2020-10-14 04:00:00+00:00,59.78,59.79,59.22,59.26,59.26,2401.0
2020-10-15 04:00:00+00:00,58.32,59.9,58.32,59.61,59.61,3761.0
2020-10-16 04:00:00+00:00,60.13,60.37,59.76,59.83,59.83,2508.0
2020-10-19 04:00:00+00:00,59.56,59.78,58.59,58.85,58.85,3974.0
2020-10-20 04:00:00+00:00,59.38,60.05,59.16,59.34,59.34,2744.0
2020-10-21 04:00:00+00:00,59.58,59.6,58.56,58.9,58.9,2873.0
2020-10-22 04:00:00+00:00,59.5,59.5,58.15,58.42,58.42,5259.0
2020-10-23 04:00:00+00:00,58.74,59.15,58.11,58.56,58.56,5905.0
2020-10-26 04:00:00+00:00,57.2,57.85,56.41,57.42,57.42,6881.0
2020-10-27 04:00:00+00:00,57.81,57.81,56.88,56.94,56.94,9034.0
2020-10-28 04:00:00+00:00,56.58,57.11,56.01,56.44,56.44,5572.0
2020-10-29 04:00:00+00:00,57.49,57.71,56.59,56.95,56.95,15146.0
2020-10-30 04:00:00+00:00,57.26,57.26,55.76,56.11,56.11,10495.0
2020-11-02 05:00:00+00:00,56.08,56.69,54.86,55.7,55.7,9479.0
2020-11-03 05:00:00+00:00,57.26,57.82,56.69,57.81,57.81,5627.0
2020-11-04 05:00:00+00:00,55.97,56.11,55.68,55.78,55.78,4340.0
2020-11-05 05:00:00+00:00,56.19,58.46,56.19,58.28,58.28,3897.0
2020-11-06 05:00:00+00:00,57.79,58.43,57.49,58.21,58.21,3385.0
2020-11-09 05:00:00+00:00,62.75,64.46,62.75,63.77,63.77,5646.0
2020-11-10 05:00:00+00:00,63.85,65.54,63.85,64.85,64.85,7865.0
2020-11-11 05:00:00+00:00,62.56,62.56,61.09,61.18,61.18,2586.0
2020-11-12 05:00:00+00:00,59.82,59.92,58.86,59.77,59.77,4600.0
2020-11-13 05:00:00+00:00,60.42,60.62,59.67,60.15,60.15,7684.0
2020-11-16 05:00:00+00:00,61.66,63.93,61.66,63.8,63.8,4971.0
2020-11-17 05:00:00+00:00,63.19,63.95,62.96,63.64,63.64,2734.0
2020-11-18 05:00:00+00:00,64.78,64.78,62.6,62.74,62.74,4308.0
2020-11-19 05:00:00+00:00,62.45,62.5,61.4,62.5,62.5,1108.0
2020-11-20 05:00:00+00:00,61.31,62.92,61.29,62.62,62.62,5603.0
2020-11-23 05:00:00+00:00,63.79,64.3,63.79,64.3,64.3,1622.0
2020-11-24 05:00:00+00:00,64.41,66.66,64.41,66.0,66.0,6249.0
2020-11-25 05:00:00+00:00,65.24,65.96,65.21,65.78,65.78,2229.0
2020-11-27 05:00:00+00:00,64.91,64.96,64.58,64.58,64.58,1471.0
2020-11-30 05:00:00+00:00,64.67,64.67,62.93,63.33,63.33,2072.0
2020-12-01 05:00:00+00:00,63.51,63.57,63.51,63.57,63.57,1510.0
2020-12-02 05:00:00+00:00,63.09,64.06,63.09,63.61,63.61,3789.0
2020-12-03 05:00:00+00:00,63.85,64.21,63.63,63.89,63.89,1798.0
2020-12-04 05:00:00+00:00,65.16,65.64,65.16,65.64,65.64,1053.0
2020-12-07 05:00:00+00:00,65.1,65.56,65.1,65.52,65.52,2823.0
2020-12-08 05:00:00+00:00,64.75,66.15,64.75,66.15,66.15,6192.0
2020-12-09 05:00:00+00:00,66.78,67.49,66.5,67.18,67.18,5383.0
2020-12-10 05:00:00+00:00,66.5,66.5,65.85,66.2,66.2,4557.0
2020-12-11 05:00:00+00:00,65.85,66.15,65.09,65.57,65.57,5903.0
2020-12-14 05:00:00+00:00,67.38,67.69,66.33,66.33,66.33,4422.0
2020-12-15 05:00:00+00:00,66.8,67.05,65.85,66.67,66.67,7947.0
2020-12-16 05:00:00+00:00,67.07,67.07,66.3,66.45,66.45,3810.0
2020-12-17 05:00:00+00:00,66.59,66.82,65.54,66.73,66.73,7828.0
2020-12-18 05:00:00+00:00,66.7,68.3,66.7,67.69,67.69,4563.0
2020-12-21 05:00:00+00:00,66.22,66.58,65.83,66.03,66.03,3788.0
2020-12-22 05:00:00+00:00,65.45,65.45,62.97,64.02,64.02,4336.0
2020-12-23 05:00:00+00:00,65.04,66.18,64.97,65.92,65.92,2635.0
2020-12-24 05:00:00+00:00,66.57,66.57,65.78,65.78,65.78,831.0
2020-12-28 05:00:00+00:00,66.88,66.88,65.9,65.9,65.9,2364.0
2020-12-29 05:00:00+00:00,65.91,65.91,65.04,65.18,65.18,1776.0
2020-12-30 05:00:00+00:00,66.15,66.17,65.88,66.0,66.0,962.0
2020-12-31 05:00:00+00:00,66.19,66.63,66.17,66.49,66.49,1653.0
2021-01-04 05:00:00+00:00,66.19,66.19,65.19,65.7,65.7,2415.0
2021-01-05 05:00:00+00:00,66.53,67.05,65.74,66.16,66.16,3724.0
2021-01-06 05:00:00+00:00,67.65,70.31,67.65,69.83,69.83,3912.0
2021-01-07 05:00:00+00:00,69.87,69.87,68.26,69.46,69.46,1963.0
2021-01-08 05:00:00+00:00,69.03,69.03,66.72,67.65,67.65,4457.0
2021-01-11 05:00:00+00:00,67.98,68.41,67.92,68.34,68.34,1031.0
2021-01-12 05:00:00+00:00,69.42,69.67,69.24,69.6,69.6,1350.0
2021-01-13 05:00:00+00:00,69.18,69.18,68.54,68.61,68.61,1384.0
2021-01-14 05:00:00+00:00,69.44,70.04,69.44,69.57,69.57,2058.0
2021-01-15 05:00:00+00:00,67.92,69.32,67.92,68.81,68.81,2463.0
2021-01-19 05:00:00+00:00,69.22,70.06,69.05,69.09,69.09,3675.0
2021-01-20 05:00:00+00:00,69.3,70.16,69.3,69.68,69.68,3481.0
2021-01-21 05:00:00+00:00,69.32,70.54,69.22,70.06,70.06,2106.0
2021-01-22 05:00:00+00:00,68.68,71.33,68.68,71.32,71.32,3543.0
2021-01-25 05:00:00+00:00,70.53,70.53,67.97,69.0,69.0,5568.0
2021-01-26 05:00:00+00:00,69.91,69.91,67.94,68.27,68.27,4858.0
2021-01-27 05:00:00+00:00,65.91,66.33,64.59,64.67,64.67,4935.0
2021-01-28 05:00:00+00:00,65.16,65.19,64.38,64.38,64.38,4275.0
2021-01-29 05:00:00+00:00,64.7,65.15,64.06,64.12,64.12,4209.0
2021-02-01 05:00:00+00:00,63.68,64.73,63.18,64.73,64.73,2611.0
2021-02-02 05:00:00+00:00,66.61,67.08,66.61,67.08,67.08,1291.0
2021-02-03 05:00:00+00:00,67.21,67.81,66.7,67.81,67.81,2471.0
2021-02-04 05:00:00+00:00,68.2,68.37,68.05,68.2,68.2,1493.0
2021-02-05 05:00:00+00:00,68.53,68.92,68.27,68.91,68.91,2206.0
2021-02-08 05:00:00+00:00,70.39,70.43,69.61,70.36,70.36,1628.0
2021-02-09 05:00:00+00:00,70.23,71.59,70.23,70.89,70.89,1600.0
2021-02-10 05:00:00+00:00,71.41,71.94,70.92,71.23,71.23,3905.0
2021-02-11 05:00:00+00:00,71.78,71.78,69.53,70.69,70.69,3311.0
2021-02-12 05:00:00+00:00,70.97,72.68,70.54,71.7,71.7,3098.0
2021-02-16 05:00:00+00:00,72.37,72.37,71.46,71.89,71.89,1239.0
2021-02-17 05:00:00+00:00,71.35,71.98,71.33,71.33,71.33,3237.0
2021-02-18 05:00:00+00:00,71.78,71.78,70.21,70.57,70.57,1098.0
2021-02-19 05:00:00+00:00,71.51,71.51,71.28,71.32,71.32,2556.0
2021-02-22 05:00:00+00:00,72.01,73.53,72.01,73.53,73.53,2008.0
2021-02-23 05:00:00+00:00,73.18,74.44,72.97,73.26,73.26,3874.0
2021-02-24 05:00:00+00:00,73.78,75.09,73.78,74.83,74.83,3249.0
2021-02-25 05:00:00+00:00,74.84,74.84,72.99,74.35,74.35,3312.0
2021-02-26 05:00:00+00:00,74.15,74.42,72.54,72.58,72.58,6747.0
2021-03-01 05:00:00+00:00,73.69,74.71,73.69,74.33,74.33,2767.0
2021-03-02 05:00:00+00:00,73.22,73.67,73.22,73.58,73.58,2222.0
2021-03-03 05:00:00+00:00,73.99,74.91,73.99,74.12,74.12,2108.0
2021-03-04 05:00:00+00:00,75.0,75.0,72.34,72.65,72.65,3038.0
2021-03-05 05:00:00+00:00,73.42,74.4,73.42,74.35,74.35,2786.0
2021-03-08 05:00:00+00:00,75.26,76.07,75.26,75.98,75.98,3982.0
2021-03-09 05:00:00+00:00,75.28,75.28,74.33,74.33,74.33,1982.0
2021-03-10 05:00:00+00:00,75.98,76.71,75.83,76.67,76.67,3959.0
2021-03-11 05:00:00+00:00,76.45,76.82,76.08,76.65,76.65,1632.0
2021-03-12 05:00:00+00:00,77.58,77.89,77.49,77.87,77.87,1887.0
2021-03-15 04:00:00+00:00,77.11,78.0,77.11,78.0,78.0,1263.0
2021-03-16 04:00:00+00:00,76.42,76.89,76.42,76.6,76.6,1348.0
2021-03-17 04:00:00+00:00,76.53,76.53,76.03,76.17,76.17,1382.0
2021-03-18 04:00:00+00:00,76.17,76.92,75.85,76.12,76.12,12629.0
2021-03-19 04:00:00+00:00,75.1,76.16,75.05,75.76,75.76,5136.0
2021-03-22 04:00:00+00:00,75.24,75.24,74.56,74.91,74.91,4022.0
2021-03-23 04:00:00+00:00,74.2,74.2,72.48,72.98,72.98,2845.0
2021-03-24 04:00:00+00:00,74.38,76.55,74.29,74.68,74.68,6767.0
2021-03-25 04:00:00+00:00,74.19,75.49,74.06,75.22,75.22,5090.0
2021-03-26 04:00:00+00:00,75.44,76.82,75.44,76.71,76.71,3629.0
2021-03-29 04:00:00+00:00,77.3,77.3,76.55,76.64,76.64,4747.0
2021-03-30 04:00:00+00:00,77.3,77.32,76.84,77.1,77.1,3921.0
2021-03-31 04:00:00+00:00,76.8,76.92,75.89,75.97,75.97,4273.0
2021-04-01 04:00:00+00:00,75.25,76.49,75.14,76.45,76.45,4584.0
2021-04-05 04:00:00+00:00,77.12,77.24,76.52,77.21,77.21,7877.0
2021-04-06 04:00:00+00:00,77.62,77.66,77.18,77.19,77.19,2107.0
2021-04-07 04:00:00+00:00,76.36,76.36,75.68,75.9,75.9,1852.0
2021-04-08 04:00:00+00:00,76.0,76.52,75.61,76.08,76.08,4201.0
2021-04-09 04:00:00+00:00,76.84,77.16,76.72,76.94,76.94,2234.0
2021-04-12 04:00:00+00:00,77.05,77.7,77.03,77.63,77.63,1866.0
2021-04-13 04:00:00+00:00,77.11,77.55,77.01,77.41,77.41,1165.0
2021-04-14 04:00:00+00:00,77.4,77.4,77.23,77.28,77.28,682.0
2021-04-15 04:00:00+00:00,77.04,77.04,76.81,76.92,76.92,2395.0
2021-04-16 04:00:00+00:00,76.31,76.42,76.31,76.42,76.42,599.0
2021-04-20 04:00:00+00:00,74.5,74.5,74.1,74.27,74.27,6040.0
2021-04-21 04:00:00+00:00,73.98,75.57,73.98,75.57,75.57,5939.0
2021-04-22 04:00:00+00:00,75.56,76.39,75.56,76.08,76.08,3050.0
2021-04-23 04:00:00+00:00,76.97,77.13,76.97,77.13,77.13,1084.0
2021-04-26 04:00:00+00:00,77.3,77.3,76.07,76.07,76.07,1838.0
2021-04-27 04:00:00+00:00,75.4,75.43,75.4,75.43,75.43,742.0
2021-04-28 04:00:00+00:00,74.97,75.07,73.94,74.76,74.76,3969.0
2021-04-29 04:00:00+00:00,75.16,75.56,75.12,75.43,75.43,3520.0
2021-04-30 04:00:00+00:00,74.58,74.88,74.19,74.74,74.74,3917.0
2021-05-03 04:00:00+00:00,75.61,76.65,75.61,76.2,76.2,3262.0
2021-05-04 04:00:00+00:00,77.8,78.63,77.42,78.35,78.35,5682.0
2021-05-05 04:00:00+00:00,77.86,78.8,77.84,78.64,78.64,2169.0
2021-05-06 04:00:00+00:00,79.85,81.33,79.85,81.2,81.2,3430.0
2021-05-07 04:00:00+00:00,80.69,81.02,80.69,80.92,80.92,2158.0
2021-05-10 04:00:00+00:00,82.46,82.46,79.78,80.05,80.05,4059.0
2021-05-11 04:00:00+00:00,79.35,79.35,78.68,79.1,79.1,2597.0
2021-05-12 04:00:00+00:00,79.31,79.83,77.53,77.65,77.65,4350.0
2021-05-13 04:00:00+00:00,77.92,81.54,77.92,81.25,81.25,4064.0
2021-05-14 04:00:00+00:00,82.46,82.46,79.81,80.14,80.14,3762.0
2021-05-17 04:00:00+00:00,79.21,80.24,79.19,80.11,80.11,1812.0
2021-05-18 04:00:00+00:00,79.69,79.69,78.83,78.83,78.83,1400.0
2021-05-19 04:00:00+00:00,77.53,78.45,77.17,78.34,78.34,3782.0
2021-05-20 04:00:00+00:00,78.5,79.09,78.31,79.09,79.09,2263.0
2021-05-21 04:00:00+00:00,80.15,80.15,78.86,79.11,79.11,1342.0
2021-05-24 04:00:00+00:00,79.1,80.26,79.1,79.81,79.81,1777.0
2021-05-25 04:00:00+00:00,79.35,79.39,78.53,78.53,78.53,3992.0
2021-05-26 04:00:00+00:00,78.74,79.17,78.67,78.76,78.76,1202.0
2021-05-27 04:00:00+00:00,79.56,79.56,79.23,79.23,79.23,481.0
2021-05-28 04:00:00+00:00,79.34,79.34,77.98,78.69,78.69,4480.0
2021-06-01 04:00:00+00:00,79.46,81.01,79.46,80.67,80.67,1191.0
2021-06-02 04:00:00+00:00,80.74,80.74,78.98,79.6,79.6,2163.0
2021-06-03 04:00:00+00:00,78.31,79.19,78.31,78.96,78.96,1962.0
2021-06-04 04:00:00+00:00,79.13,79.93,78.9,79.73,79.73,1601.0
2021-06-07 04:00:00+00:00,78.94,79.21,78.86,78.93,78.93,506.0
2021-06-08 04:00:00+00:00,78.53,79.48,78.53,79.42,79.42,705.0
2021-06-09 04:00:00+00:00,78.92,78.92,78.57,78.62,78.62,743.0
2021-06-10 04:00:00+00:00,78.69,78.7,78.27,78.44,78.44,900.0
2021-06-11 04:00:00+00:00,77.91,77.96,77.32,77.48,77.48,935.0
2021-06-14 04:00:00+00:00,76.91,77.09,76.57,76.77,76.77,1867.0
2021-06-15 04:00:00+00:00,76.68,77.72,76.68,77.72,77.72,2821.0
2021-06-16 04:00:00+00:00,77.55,78.32,77.36,78.19,78.19,3829.0
2021-06-17 04:00:00+00:00,77.79,77.8,75.83,76.74,76.74,5720.0
2021-06-18 04:00:00+00:00,75.55,75.61,74.24,74.24,74.24,4464.0
2021-06-21 04:00:00+00:00,76.18,76.41,76.18,76.41,76.41,1457.0
2021-06-22 04:00:00+00:00,75.36,76.09,75.36,76.09,76.09,1717.0
2021-06-23 04:00:00+00:00,76.27,76.52,75.58,75.58,75.58,2402.0
2021-06-24 04:00:00+00:00,76.5,77.24,76.5,77.05,77.05,2252.0
2021-06-25 04:00:00+00:00,77.06,77.21,76.71,76.71,76.71,1543.0
2021-06-28 04:00:00+00:00,75.52,75.61,75.52,75.61,75.61,1228.0
2021-06-29 04:00:00+00:00,76.28,76.28,75.64,75.72,75.72,1337.0
2021-06-30 04:00:00+00:00,75.94,76.29,75.55,76.08,76.08,1977.0
2021-07-01 04:00:00+00:00,75.87,76.23,75.65,75.65,75.65,1052.0
2021-07-02 04:00:00+00:00,75.22,75.28,74.78,74.86,74.86,1043.0
2021-07-06 04:00:00+00:00,72.22,73.61,72.22,73.59,73.59,1703.0
2021-07-07 04:00:00+00:00,73.52,73.71,73.38,73.69,73.69,1387.0
2021-07-08 04:00:00+00:00,72.7,73.18,72.17,72.67,72.67,1860.0
2021-07-09 04:00:00+00:00,73.71,73.71,72.92,72.96,72.96,4797.0
2021-07-12 04:00:00+00:00,73.01,73.19,73.01,73.1,73.1,2413.0
2021-07-13 04:00:00+00:00,72.46,72.76,71.94,71.99,71.99,4041.0
2021-07-14 04:00:00+00:00,71.57,73.23,71.57,72.99,72.99,8116.0
2021-07-15 04:00:00+00:00,72.75,72.82,72.58,72.79,72.79,1962.0
2021-07-16 04:00:00+00:00,73.85,73.85,73.01,73.02,73.02,2467.0
2021-07-19 04:00:00+00:00,71.69,72.09,71.11,71.71,71.71,3159.0
2021-07-20 04:00:00+00:00,74.15,74.37,73.77,73.77,73.77,2598.0
2021-07-21 04:00:00+00:00,75.1,75.1,74.31,74.42,74.42,2200.0
2021-07-22 04:00:00+00:00,73.12,73.44,73.12,73.44,73.44,973.0
2021-07-23 04:00:00+00:00,73.5,73.85,73.5,73.85,73.85,931.0
2021-07-26 04:00:00+00:00,73.98,73.98,73.87,73.87,73.87,475.0
2021-07-27 04:00:00+00:00,73.77,73.78,73.32,73.58,73.58,1945.0
2021-07-28 04:00:00+00:00,72.98,74.37,72.98,74.02,74.02,1025.0
2021-07-29 04:00:00+00:00,75.04,75.04,75.04,75.04,75.04,311.0
2021-07-30 04:00:00+00:00,75.5,75.5,75.21,75.21,75.21,561.0
2021-08-02 04:00:00+00:00,75.38,75.95,74.8,74.8,74.8,2735.0
2021-08-03 04:00:00+00:00,74.15,74.15,72.65,73.53,73.53,3346.0
2021-08-04 04:00:00+00:00,73.13,73.13,71.75,71.75,71.75,787.0
2021-08-05 04:00:00+00:00,72.05,72.96,71.87,72.02,72.02,2235.0
2021-08-06 04:00:00+00:00,71.83,71.83,71.24,71.24,71.24,850.0
2021-08-09 04:00:00+00:00,70.6,70.6,69.83,70.08,70.08,3382.0
2021-08-10 04:00:00+00:00,71.09,71.29,71.09,71.26,71.26,1587.0
2021-08-11 04:00:00+00:00,71.34,71.34,70.96,71.28,71.28,1782.0
2021-08-12 04:00:00+00:00,70.0,70.0,70.0,70.0,70.0,711.0
2021-08-13 04:00:00+00:00,69.27,69.95,68.44,69.59,69.59,1414.0
2021-08-16 04:00:00+00:00,69.26,70.46,69.26,70.15,70.15,1372.0
2021-08-17 04:00:00+00:00,69.42,69.53,69.13,69.13,69.13,1404.0
2021-08-18 04:00:00+00:00,69.9,69.9,68.44,68.44,68.44,1677.0
2021-08-19 04:00:00+00:00,67.54,67.98,67.46,67.73,67.73,1419.0
2021-08-20 04:00:00+00:00,67.92,68.92,67.92,68.25,68.25,1998.0
2021-08-23 04:00:00+00:00,69.03,69.03,68.96,68.96,68.96,722.0
2021-08-24 04:00:00+00:00,69.3,69.3,68.86,68.86,68.86,1089.0
2021-08-25 04:00:00+00:00,69.27,69.27,68.92,68.92,68.92,1245.0
2021-08-26 04:00:00+00:00,68.41,68.92,68.41,68.79,68.79,2825.0
2021-08-27 04:00:00+00:00,69.64,70.57,69.64,70.34,70.34,4001.0
2021-08-30 04:00:00+00:00,70.31,70.34,70.02,70.08,70.08,2737.0
2021-08-31 04:00:00+00:00,70.29,70.89,70.21,70.71,70.71,3565.0
2021-09-01 04:00:00+00:00,70.06,71.44,69.94,71.32,71.32,3088.0
2021-09-02 04:00:00+00:00,72.01,72.7,72.01,72.53,72.53,3250.0
2021-09-03 04:00:00+00:00,72.15,72.46,71.99,72.4,72.4,2589.0
2021-09-07 04:00:00+00:00,72.43,72.76,71.78,71.91,71.91,2601.0
2021-09-08 04:00:00+00:00,71.72,71.73,71.22,71.51,71.51,2240.0
2021-09-09 04:00:00+00:00,71.41,71.48,71.27,71.39,71.39,2021.0
2021-09-10 04:00:00+00:00,71.71,71.71,71.05,71.21,71.21,1974.0
2021-09-13 04:00:00+00:00,71.33,71.43,70.62,71.07,71.07,2089.0
2021-09-14 04:00:00+00:00,71.9,72.09,70.29,70.8,70.8,1587.0
2021-09-15 04:00:00+00:00,70.78,71.49,70.78,71.49,71.49,1860.0
2021-09-16 04:00:00+00:00,70.11,70.39,70.11,70.26,70.26,1159.0
2021-09-17 04:00:00+00:00,69.34,69.38,68.48,68.61,68.61,3375.0
2021-09-20 04:00:00+00:00,67.91,67.91,67.08,67.3,67.3,1738.0
2021-09-21 04:00:00+00:00,67.87,68.06,67.87,67.99,67.99,2029.0
2021-09-22 04:00:00+00:00,68.61,69.23,68.61,68.93,68.93,1529.0
2021-09-23 04:00:00+00:00,70.11,70.11,69.82,69.84,69.84,1132.0
2021-09-24 04:00:00+00:00,70.26,70.27,70.02,70.06,70.06,4400.0
2021-09-27 04:00:00+00:00,71.04,71.64,71.04,71.11,71.11,1151.0
2021-09-28 04:00:00+00:00,69.91,70.08,69.89,70.08,70.08,2133.0
2021-09-29 04:00:00+00:00,71.18,71.18,71.18,71.18,71.18,665.0
2021-09-30 04:00:00+00:00,71.2,71.65,70.57,70.6,70.6,2789.0
2021-10-01 04:00:00+00:00,72.98,73.0,72.22,72.41,72.41,1727.0
2021-10-04 04:00:00+00:00,72.54,73.69,72.54,73.69,73.69,2733.0
2021-10-05 04:00:00+00:00,74.17,74.17,73.63,73.63,73.63,1306.0
2021-10-06 04:00:00+00:00,72.57,73.13,72.46,73.08,73.08,1689.0
2021-10-07 04:00:00+00:00,74.48,74.85,74.25,74.52,74.52,2773.0
2021-10-08 04:00:00+00:00,74.46,74.46,73.81,73.81,73.81,2978.0
2021-10-11 04:00:00+00:00,73.23,73.23,73.0,73.0,73.0,873.0
2021-10-12 04:00:00+00:00,72.95,72.95,72.39,72.42,72.42,625.0
2021-10-13 04:00:00+00:00,72.22,72.62,72.22,72.37,72.37,3080.0
2021-10-14 04:00:00+00:00,73.29,73.89,73.29,73.89,73.89,1607.0
2021-10-15 04:00:00+00:00,73.83,74.31,73.59,73.75,73.75,2155.0
2021-10-18 04:00:00+00:00,73.12,73.2,73.05,73.1,73.1,1229.0
2021-10-19 04:00:00+00:00,73.35,73.77,73.35,73.4,73.4,1949.0
2021-10-20 04:00:00+00:00,73.81,73.81,73.61,73.75,73.75,1803.0
2021-10-21 04:00:00+00:00,73.25,74.29,73.18,74.29,74.29,1300.0
2021-10-26 04:00:00+00:00,74.79,74.79,74.38,74.38,74.38,1785.0
2021-10-27 04:00:00+00:00,74.76,74.76,73.13,73.13,73.13,1255.0
2021-10-28 04:00:00+00:00,74.54,75.34,74.24,75.34,75.34,1616.0
2021-10-29 04:00:00+00:00,75.71,76.08,75.39,75.96,75.96,2196.0
2021-11-01 04:00:00+00:00,75.24,77.77,75.24,77.77,77.77,2338.0
2021-11-02 04:00:00+00:00,76.74,79.6,76.74,78.52,78.52,2196.0
2021-11-03 04:00:00+00:00,74.91,77.03,74.88,76.97,76.97,2547.0
2021-11-04 04:00:00+00:00,77.8,78.12,77.33,78.12,78.12,2285.0
2021-11-05 04:00:00+00:00,79.21,80.09,79.21,79.43,79.43,1714.0
2021-11-08 05:00:00+00:00,80.11,80.13,78.99,79.2,79.2,1514.0
2021-11-09 05:00:00+00:00,79.73,80.0,79.73,80.0,80.0,1047.0
2021-11-10 05:00:00+00:00,80.33,80.54,80.17,80.54,80.54,1597.0
2021-11-11 05:00:00+00:00,80.66,80.66,80.2,80.2,80.2,1100.0
2021-11-12 05:00:00+00:00,80.51,80.51,80.1,80.43,80.43,938.0
2021-11-15 05:00:00+00:00,80.4,80.4,79.72,79.87,79.87,2310.0
2021-11-16 05:00:00+00:00,79.75,80.17,79.4,79.97,79.97,1199.0
2021-11-18 05:00:00+00:00,78.47,78.88,78.47,78.88,78.88,1693.0
2021-11-19 05:00:00+00:00,78.93,78.93,78.8,78.84,78.84,1660.0
2021-11-22 05:00:00+00:00,80.09,80.09,79.92,79.94,79.94,2654.0
2021-11-23 05:00:00+00:00,79.09,80.79,79.09,80.79,80.79,2149.0
2021-11-24 05:00:00+00:00,80.02,80.47,79.74,80.38,80.38,4130.0
2021-11-26 05:00:00+00:00,79.06,79.06,76.7,77.19,77.19,3158.0
2021-11-29 05:00:00+00:00,77.87,77.87,76.49,76.87,76.87,2498.0
2021-11-30 05:00:00+00:00,76.4,76.4,75.41,75.76,75.76,3423.0
2021-12-01 05:00:00+00:00,76.44,77.1,75.04,75.04,75.04,6255.0
2021-12-02 05:00:00+00:00,76.93,77.28,76.93,77.28,77.28,1445.0
2021-12-03 05:00:00+00:00,77.3,77.91,77.19,77.71,77.71,4900.0
2021-12-06 05:00:00+00:00,79.14,80.12,79.14,80.12,80.12,1143.0
2021-12-07 05:00:00+00:00,80.77,80.77,79.84,80.4,80.4,1393.0
2021-12-08 05:00:00+00:00,79.88,80.63,79.88,80.63,80.63,2059.0
2021-12-09 05:00:00+00:00,79.02,79.6,78.62,78.66,78.66,2886.0
2021-12-10 05:00:00+00:00,78.8,78.8,78.8,78.8,78.8,528.0
2021-12-13 05:00:00+00:00,78.09,78.62,77.91,78.29,78.29,989.0
2021-12-14 05:00:00+00:00,78.04,78.04,76.67,76.67,76.67,1806.0
2021-12-15 05:00:00+00:00,77.65,78.56,77.48,78.31,78.31,3032.0
2021-12-16 05:00:00+00:00,78.65,78.65,76.72,76.78,76.78,4780.0
2021-12-17 05:00:00+00:00,77.88,78.37,76.25,76.26,76.26,2061.0
2021-12-20 05:00:00+00:00,73.41,73.88,73.08,73.72,73.72,3816.0
2021-12-21 05:00:00+00:00,74.87,75.17,74.59,74.9,74.9,1953.0
2021-12-22 05:00:00+00:00,75.65,75.72,75.5,75.71,75.71,3484.0
2021-12-23 05:00:00+00:00,77.12,77.28,76.9,77.01,77.01,2960.0
2021-12-27 05:00:00+00:00,76.58,78.06,76.47,78.06,78.06,7401.0
2021-12-28 05:00:00+00:00,78.29,78.43,78.12,78.15,78.15,2015.0
2021-12-29 05:00:00+00:00,78.51,78.51,78.13,78.13,78.13,1219.0
2021-12-31 05:00:00+00:00,77.37,77.95,77.32,77.63,77.63,1036.0
2022-01-03 05:00:00+00:00,77.44,77.75,77.44,77.75,77.75,1783.0
2022-01-04 05:00:00+00:00,79.94,79.94,79.43,79.43,79.43,1659.0
2022-01-05 05:00:00+00:00,79.23,79.97,78.79,78.82,78.82,1842.0
2022-01-06 05:00:00+00:00,78.63,79.16,78.0,78.73,78.73,11146.0
2022-01-07 05:00:00+00:00,78.48,78.82,78.35,78.35,78.35,6765.0
2022-01-10 05:00:00+00:00,76.86,77.21,76.1,77.07,77.07,8762.0
2022-01-11 05:00:00+00:00,76.96,77.73,76.84,77.27,77.27,2272.0
2022-01-12 05:00:00+00:00,77.34,77.34,76.82,76.86,76.86,5966.0
2022-01-13 05:00:00+00:00,78.3,78.31,77.18,77.18,77.18,2044.0
2022-01-14 05:00:00+00:00,76.86,77.64,76.86,77.64,77.64,1426.0
2022-01-18 05:00:00+00:00,76.56,76.68,76.36,76.36,76.36,782.0
2022-01-19 05:00:00+00:00,75.7,75.74,74.85,74.96,74.96,3214.0
2022-01-20 05:00:00+00:00,74.77,74.8,73.36,73.64,73.64,1476.0
2022-01-21 05:00:00+00:00,74.29,74.29,74.29,74.29,74.29,542.0
2022-01-25 05:00:00+00:00,72.94,74.01,72.55,74.01,74.01,7469.0
2022-01-27 05:00:00+00:00,73.37,73.5,71.79,71.79,71.79,18265.0
2022-01-28 05:00:00+00:00,70.82,72.64,68.81,72.64,72.64,19432.0
2022-01-31 05:00:00+00:00,72.27,73.75,72.08,73.75,73.75,6104.0
2022-02-01 05:00:00+00:00,73.28,73.82,72.81,73.82,73.82,7746.0
2022-02-02 05:00:00+00:00,72.76,73.27,72.76,72.76,72.76,1108.0
2022-02-03 05:00:00+00:00,71.73,71.73,71.73,71.73,71.73,817.0
2022-02-04 05:00:00+00:00,69.66,70.75,69.66,70.75,70.75,710.0
2022-02-07 05:00:00+00:00,70.72,72.37,70.72,72.19,72.19,5441.0
2022-02-08 05:00:00+00:00,72.75,73.17,72.75,73.17,73.17,2833.0
2022-02-09 05:00:00+00:00,74.15,74.15,73.35,73.64,73.64,4214.0
2022-02-10 05:00:00+00:00,72.14,72.14,70.91,70.91,70.91,2261.0
2022-02-11 05:00:00+00:00,71.28,71.97,70.97,71.97,71.97,5255.0
2022-02-14 05:00:00+00:00,72.97,72.97,72.13,72.57,72.57,4566.0
2022-02-15 05:00:00+00:00,74.02,74.58,73.72,74.58,74.58,1899.0
2022-02-16 05:00:00+00:00,74.98,75.48,74.49,75.22,75.22,2004.0
2022-02-17 05:00:00+00:00,74.24,75.14,73.88,74.59,74.59,2450.0
2022-02-18 05:00:00+00:00,74.63,74.76,74.04,74.76,74.76,5178.0
2022-02-22 05:00:00+00:00,74.69,74.69,73.93,74.35,74.35,1886.0
2022-02-23 05:00:00+00:00,73.62,73.62,73.26,73.26,73.26,2149.0
2022-02-24 05:00:00+00:00,71.79,73.16,71.71,73.16,73.16,3028.0
2022-02-25 05:00:00+00:00,74.36,75.87,74.36,75.57,75.57,5540.0
2022-02-28 05:00:00+00:00,75.65,76.02,75.08,75.46,75.46,5675.0
2022-03-01 05:00:00+00:00,74.65,74.65,73.6,73.73,73.73,6763.0
2022-03-02 05:00:00+00:00,75.39,76.26,75.37,75.82,75.82,4878.0
2022-03-03 05:00:00+00:00,75.97,75.97,75.06,75.47,75.47,1852.0
2022-03-04 05:00:00+00:00,74.89,76.08,74.89,76.08,76.08,1729.0
2022-03-07 05:00:00+00:00,75.88,75.9,75.29,75.89,75.89,2931.0
2022-03-09 05:00:00+00:00,75.5,76.22,75.5,76.22,76.22,2988.0
2022-03-10 05:00:00+00:00,75.53,76.16,75.06,76.16,76.16,5196.0
2022-03-11 05:00:00+00:00,77.75,78.14,76.95,77.6,77.6,4579.0
2022-03-14 04:00:00+00:00,79.15,79.94,78.99,78.99,78.99,3903.0
2022-03-15 04:00:00+00:00,80.09,80.62,79.81,79.92,79.92,7556.0
2022-03-16 04:00:00+00:00,80.6,80.6,79.0,79.39,79.39,12420.0
2022-03-17 04:00:00+00:00,79.71,80.35,79.71,80.31,80.31,4216.0
2022-03-18 04:00:00+00:00,79.79,81.84,79.79,81.79,81.79,2904.0
2022-03-21 04:00:00+00:00,81.27,81.3,80.03,80.51,80.51,2415.0
2022-03-22 04:00:00+00:00,80.19,80.19,79.9,79.95,79.95,1765.0
2022-03-23 04:00:00+00:00,79.1,79.1,77.74,77.75,77.75,2428.0
2022-03-24 04:00:00+00:00,77.26,77.44,76.92,76.94,76.94,2273.0
2022-03-25 04:00:00+00:00,76.91,77.28,76.81,76.85,76.85,3179.0
2022-03-28 04:00:00+00:00,76.11,76.38,75.95,76.08,76.08,3994.0
2022-03-29 04:00:00+00:00,77.85,78.45,77.61,78.45,78.45,1547.0
2022-03-30 04:00:00+00:00,78.1,78.1,77.02,77.06,77.06,1083.0
2022-03-31 04:00:00+00:00,76.15,76.15,76.15,76.15,76.15,1768.0
2022-04-01 04:00:00+00:00,75.52,76.06,75.52,76.06,76.06,1691.0
2022-04-04 04:00:00+00:00,75.31,75.35,74.92,74.99,74.99,1969.0
2022-04-05 04:00:00+00:00,74.47,74.47,72.91,72.91,72.91,2414.0
2022-04-06 04:00:00+00:00,71.89,72.13,71.53,71.72,71.72,1822.0
2022-04-07 04:00:00+00:00,70.45,71.59,70.45,71.56,71.56,2459.0
2022-04-08 04:00:00+00:00,70.75,70.76,69.63,69.73,69.73,2351.0
2022-04-11 04:00:00+00:00,70.12,70.12,68.05,68.36,68.36,3707.0
2022-04-12 04:00:00+00:00,69.07,69.12,68.9,69.07,69.07,1936.0
2022-04-13 04:00:00+00:00,68.97,69.79,68.97,69.79,69.79,632.0
2022-04-14 04:00:00+00:00,70.2,70.2,68.27,68.37,68.37,2431.0
2022-04-18 04:00:00+00:00,67.81,68.76,67.41,68.76,68.76,3005.0
2022-04-19 04:00:00+00:00,70.28,70.56,70.18,70.49,70.49,3271.0
2022-04-20 04:00:00+00:00,71.87,72.13,71.58,71.79,71.79,6665.0
2022-04-21 04:00:00+00:00,72.09,72.45,71.83,72.06,72.06,3223.0
2022-04-22 04:00:00+00:00,71.53,71.57,71.05,71.27,71.27,4534.0
2022-04-25 04:00:00+00:00,70.15,70.78,69.14,70.59,70.59,7730.0
2022-04-26 04:00:00+00:00,69.68,69.75,68.02,68.03,68.03,3851.0
2022-04-27 04:00:00+00:00,68.16,69.09,67.41,67.69,67.69,6152.0
2022-04-28 04:00:00+00:00,66.21,66.28,62.09,66.19,66.19,8663.0
2022-04-29 04:00:00+00:00,65.02,65.02,62.0,62.01,62.01,8117.0
2022-05-02 04:00:00+00:00,61.6,63.86,60.12,60.7,60.7,3942.0
2022-05-03 04:00:00+00:00,60.53,60.65,59.76,59.97,59.97,3052.0
2022-05-04 04:00:00+00:00,59.64,61.24,59.63,61.22,61.22,2816.0
2022-05-05 04:00:00+00:00,59.99,59.99,58.09,58.84,58.84,2995.0
2022-05-06 04:00:00+00:00,57.9,58.26,57.61,58.11,58.11,3885.0
2022-05-09 04:00:00+00:00,57.96,61.17,57.96,60.62,60.62,10515.0
2022-05-10 04:00:00+00:00,59.87,59.99,59.01,59.02,59.02,2937.0
2022-05-11 04:00:00+00:00,60.03,60.05,58.01,58.01,58.01,4420.0
2022-05-12 04:00:00+00:00,59.32,59.41,58.67,59.01,59.01,2246.0
2022-05-13 04:00:00+00:00,59.52,60.23,58.91,59.47,59.47,4630.0
2022-05-16 04:00:00+00:00,58.94,58.94,57.94,58.17,58.17,5021.0
2022-05-17 04:00:00+00:00,59.01,59.56,59.01,59.56,59.56,1905.0
2022-05-18 04:00:00+00:00,59.41,59.43,57.88,58.5,58.5,3718.0
2022-05-19 04:00:00+00:00,58.71,58.81,57.87,57.87,57.87,5377.0
2022-05-20 04:00:00+00:00,58.22,58.29,56.5,57.46,57.46,3561.0
2022-05-23 04:00:00+00:00,57.76,58.49,57.7,58.22,58.22,3784.0
2022-05-24 04:00:00+00:00,57.77,59.27,57.59,59.14,59.14,3441.0
2022-05-25 04:00:00+00:00,58.64,59.42,58.01,58.66,58.66,3961.0
2022-05-26 04:00:00+00:00,59.21,59.37,59.03,59.36,59.36,2805.0
2022-05-27 04:00:00+00:00,60.24,61.05,60.23,61.05,61.05,3073.0
2022-05-31 04:00:00+00:00,59.93,60.5,59.8,59.91,59.91,2979.0
2022-06-01 04:00:00+00:00,59.94,61.37,59.94,61.3,61.3,1917.0
2022-06-02 04:00:00+00:00,60.79,62.5,60.79,62.3,62.3,3441.0
2022-06-03 04:00:00+00:00,61.65,61.65,60.42,60.69,60.69,4398.0
2022-06-06 04:00:00+00:00,61.19,61.55,61.06,61.38,61.38,4584.0
2022-06-07 04:00:00+00:00,60.4,61.08,60.07,60.87,60.87,4606.0
2022-06-08 04:00:00+00:00,60.73,60.86,60.44,60.57,60.57,3804.0
2022-06-09 04:00:00+00:00,60.2,60.25,59.35,59.35,59.35,2398.0
2022-06-10 04:00:00+00:00,58.64,58.64,57.59,57.59,57.59,4954.0
2022-06-13 04:00:00+00:00,56.22,56.22,55.25,55.43,55.43,4337.0
2022-06-14 04:00:00+00:00,55.13,55.32,54.76,55.13,55.13,1998.0
2022-06-15 04:00:00+00:00,55.8,56.08,55.19,55.78,55.78,1654.0
2022-06-16 04:00:00+00:00,54.02,54.02,53.08,53.26,53.26,2976.0
2022-06-17 04:00:00+00:00,54.1,54.51,54.01,54.37,54.37,2449.0
2022-06-21 04:00:00+00:00,54.61,56.08,54.31,55.45,55.45,3640.0
2022-06-22 04:00:00+00:00,55.37,55.56,55.01,55.56,55.56,2691.0
2022-06-23 04:00:00+00:00,55.69,55.69,54.99,55.64,55.64,3030.0
2022-06-24 04:00:00+00:00,55.79,57.33,55.79,57.3,57.3,5070.0
2022-06-27 04:00:00+00:00,57.47,57.52,56.28,56.44,56.44,2883.0
2022-06-28 04:00:00+00:00,57.03,57.35,55.98,56.1,56.1,2472.0
2022-06-29 04:00:00+00:00,55.56,55.92,55.46,55.92,55.92,1151.0
2022-06-30 04:00:00+00:00,56.25,56.95,56.25,56.92,56.92,2522.0
2022-07-01 04:00:00+00:00,57.32,57.35,56.47,57.11,57.11,3003.0
2022-07-05 04:00:00+00:00,57.41,57.41,55.5,57.09,57.09,3229.0
2022-07-06 04:00:00+00:00,56.4,56.56,56.4,56.56,56.56,1386.0
2022-07-07 04:00:00+00:00,57.26,57.49,57.26,57.32,57.32,1847.0
2022-07-08 04:00:00+00:00,57.31,57.31,56.58,57.08,57.08,1348.0
2022-07-11 04:00:00+00:00,56.37,56.61,56.37,56.61,56.61,723.0
2022-07-12 04:00:00+00:00,57.86,57.86,56.28,56.32,56.32,1224.0
2022-07-13 04:00:00+00:00,55.92,55.92,55.85,55.91,55.91,677.0
2022-07-14 04:00:00+00:00,55.48,56.21,55.48,56.21,56.21,1428.0
2022-07-15 04:00:00+00:00,57.01,57.23,56.94,57.07,57.07,2324.0
2022-07-18 04:00:00+00:00,57.46,57.46,56.43,56.49,56.49,2268.0
2022-07-19 04:00:00+00:00,58.29,59.07,58.2,58.83,58.83,3026.0
2022-07-20 04:00:00+00:00,58.76,60.37,58.76,60.37,60.37,3068.0
2022-07-21 04:00:00+00:00,59.84,60.5,59.84,60.5,60.5,1154.0
2022-07-22 04:00:00+00:00,60.11,60.61,59.71,60.61,60.61,1508.0
2022-07-25 04:00:00+00:00,60.79,60.99,60.65,60.65,60.65,2714.0
2022-07-26 04:00:00+00:00,60.91,60.91,60.48,60.74,60.74,1613.0
2022-07-27 04:00:00+00:00,62.1,63.11,62.1,62.92,62.92,1844.0
2022-07-28 04:00:00+00:00,63.21,63.87,63.21,63.87,63.87,1102.0
2022-07-29 04:00:00+00:00,64.11,64.12,64.11,64.12,64.12,897.0
2022-08-01 04:00:00+00:00,63.6,65.06,63.6,65.06,65.06,1542.0
2022-08-02 04:00:00+00:00,64.51,64.99,63.9,63.9,63.9,1422.0
2022-08-03 04:00:00+00:00,63.11,63.66,62.94,63.41,63.41,1900.0
2022-08-04 04:00:00+00:00,63.33,63.38,62.8,62.84,62.84,1069.0
2022-08-05 04:00:00+00:00,62.91,62.91,62.91,62.91,62.91,873.0
2022-08-08 04:00:00+00:00,63.65,63.97,62.85,63.23,63.23,2439.0
2022-08-09 04:00:00+00:00,64.03,64.36,61.83,64.36,64.36,2163.0
2022-08-10 04:00:00+00:00,64.36,65.73,64.36,65.5,65.5,2095.0
2022-08-11 04:00:00+00:00,66.18,66.2,66.02,66.2,66.2,812.0
2022-08-12 04:00:00+00:00,66.68,67.85,66.68,67.81,67.81,1537.0
2022-08-15 04:00:00+00:00,67.19,68.94,67.19,68.92,68.92,2293.0
2022-08-16 04:00:00+00:00,68.45,68.9,68.21,68.24,68.24,1368.0
2022-08-17 04:00:00+00:00,67.25,67.47,67.01,67.32,67.32,1230.0
2022-08-18 04:00:00+00:00,67.83,68.51,67.83,68.51,68.51,1211.0
2022-08-19 04:00:00+00:00,66.7,66.7,65.97,65.97,65.97,1895.0
2022-08-22 04:00:00+00:00,65.54,65.54,63.54,63.6,63.6,2449.0
2022-08-23 04:00:00+00:00,63.71,64.08,63.31,63.4,63.4,2603.0
2022-08-24 04:00:00+00:00,63.15,63.16,62.68,62.68,62.68,1408.0
2022-08-25 04:00:00+00:00,62.85,63.25,62.85,63.23,63.23,2170.0
2022-08-26 04:00:00+00:00,61.88,62.09,61.03,61.03,61.03,5311.0
2022-08-29 04:00:00+00:00,60.79,60.79,60.58,60.58,60.58,1169.0
2022-08-30 04:00:00+00:00,59.5,59.52,59.05,59.05,59.05,2026.0
2022-08-31 04:00:00+00:00,58.9,59.04,58.23,58.48,58.48,2381.0
2022-09-01 04:00:00+00:00,57.78,59.36,57.78,59.3,59.3,4166.0
2022-09-02 04:00:00+00:00,59.49,59.49,57.53,57.77,57.77,2569.0
2022-09-06 04:00:00+00:00,57.48,57.48,56.65,57.03,57.03,3683.0
2022-09-07 04:00:00+00:00,57.38,57.91,57.38,57.91,57.91,1114.0
2022-09-08 04:00:00+00:00,58.41,58.41,58.41,58.41,58.41,1019.0
2022-09-09 04:00:00+00:00,59.06,59.06,59.06,59.06,59.06,1814.0
2022-09-12 04:00:00+00:00,60.1,61.29,60.1,61.17,61.17,1814.0
2022-09-13 04:00:00+00:00,59.54,59.54,57.89,57.89,57.89,4492.0
2022-09-14 04:00:00+00:00,58.28,58.75,57.59,58.73,58.73,2674.0
2022-09-15 04:00:00+00:00,60.21,60.31,58.85,58.86,58.86,3058.0
2022-09-16 04:00:00+00:00,58.17,58.43,57.22,58.19,58.19,5354.0
2022-09-19 04:00:00+00:00,59.75,60.42,59.3,60.28,60.28,3817.0
2022-09-20 04:00:00+00:00,58.7,59.04,58.7,58.82,58.82,2522.0
2022-09-21 04:00:00+00:00,59.51,59.51,58.37,58.37,58.37,1214.0
2022-09-22 04:00:00+00:00,57.0,57.3,56.8,57.26,57.26,2409.0
2022-09-23 04:00:00+00:00,55.99,56.7,55.99,56.43,56.43,2400.0
2022-09-26 04:00:00+00:00,57.04,57.05,55.99,56.2,56.2,2353.0
2022-09-27 04:00:00+00:00,56.87,56.87,55.16,55.23,55.23,3788.0
2022-09-28 04:00:00+00:00,54.98,57.17,54.98,56.82,56.82,2500.0
2022-09-29 04:00:00+00:00,55.62,55.62,54.86,55.11,55.11,2628.0
2022-09-30 04:00:00+00:00,55.5,56.1,54.7,54.7,54.7,2692.0
2022-10-03 04:00:00+00:00,56.29,56.81,55.97,56.36,56.36,2000.0
2022-10-04 04:00:00+00:00,58.11,58.15,58.11,58.15,58.15,1053.0
2022-10-05 04:00:00+00:00,56.74,57.43,56.74,57.43,57.43,1625.0
2022-10-06 04:00:00+00:00,57.0,57.25,56.76,57.04,57.04,2058.0
2022-10-07 04:00:00+00:00,55.08,55.31,54.88,54.98,54.98,3163.0
2022-10-10 04:00:00+00:00,55.31,55.93,55.31,55.48,55.48,3409.0
2022-10-11 04:00:00+00:00,56.33,56.33,55.97,55.97,55.97,1521.0
2022-10-12 04:00:00+00:00,55.95,55.95,55.4,55.45,55.45,4978.0
2022-10-13 04:00:00+00:00,55.11,56.11,54.68,55.63,55.63,19400.0
2022-10-14 04:00:00+00:00,55.91,56.02,55.18,55.79,55.79,7824.0
2022-10-17 04:00:00+00:00,55.98,56.82,55.95,56.71,56.71,8866.0
2022-10-18 04:00:00+00:00,58.12,58.15,56.98,57.33,57.33,7784.0
2022-10-19 04:00:00+00:00,57.36,57.38,56.54,56.97,56.97,4770.0
2022-10-20 04:00:00+00:00,57.18,57.18,55.47,55.71,55.71,3863.0
2022-10-21 04:00:00+00:00,56.44,57.31,55.71,56.96,56.96,7617.0
2022-10-24 04:00:00+00:00,57.45,57.89,57.27,57.57,57.57,6821.0
2022-10-25 04:00:00+00:00,57.57,58.83,57.57,58.37,58.37,30841.0
2022-10-26 04:00:00+00:00,58.3,59.28,57.43,57.85,57.85,34467.0
2022-10-27 04:00:00+00:00,58.32,59.03,56.36,56.36,56.36,17523.0
2022-10-28 04:00:00+00:00,57.16,57.91,56.68,57.44,57.44,29059.0
2022-10-31 04:00:00+00:00,57.43,57.48,56.32,56.39,56.39,9663.0
2022-11-01 04:00:00+00:00,56.49,56.77,55.91,56.77,56.77,16464.0
2022-11-02 04:00:00+00:00,55.91,59.54,55.91,57.64,57.64,6091.0
2022-11-03 04:00:00+00:00,56.39,58.32,56.39,58.08,58.08,5243.0
2022-11-04 04:00:00+00:00,58.72,58.72,58.04,58.04,58.04,1731.0
2022-11-07 05:00:00+00:00,59.46,60.65,59.46,60.22,60.22,3436.0
2022-11-08 05:00:00+00:00,60.22,61.72,60.22,61.5,61.5,9602.0
2022-11-09 05:00:00+00:00,60.88,61.96,60.88,61.61,61.61,3510.0
2022-11-10 05:00:00+00:00,63.54,65.18,63.41,64.21,64.21,7153.0
2022-11-11 05:00:00+00:00,64.83,64.98,63.97,64.05,64.05,3258.0
2022-11-14 05:00:00+00:00,63.85,64.05,63.37,63.37,63.37,3301.0
2022-11-15 05:00:00+00:00,63.97,64.42,63.78,63.79,63.79,3599.0
2022-11-16 05:00:00+00:00,62.88,63.26,61.66,61.99,61.99,10239.0
2022-11-17 05:00:00+00:00,60.4,61.44,60.4,61.44,61.44,2161.0
2022-11-18 05:00:00+00:00,62.98,63.01,60.89,61.92,61.92,5224.0
2022-11-21 05:00:00+00:00,61.35,61.35,61.01,61.04,61.04,3821.0
2022-11-22 05:00:00+00:00,60.72,60.8,60.72,60.8,60.8,3091.0
2022-11-23 05:00:00+00:00,60.62,61.01,60.22,60.89,60.89,4689.0
2022-11-25 05:00:00+00:00,61.39,61.44,61.23,61.23,61.23,889.0
2022-11-28 05:00:00+00:00,60.44,60.66,60.19,60.35,60.35,5366.0
2022-11-29 05:00:00+00:00,60.83,60.83,60.69,60.8,60.8,1566.0
2022-11-30 05:00:00+00:00,60.32,61.73,59.44,61.73,61.73,3001.0
2022-12-01 05:00:00+00:00,61.89,62.05,61.55,62.04,62.04,3422.0
2022-12-02 05:00:00+00:00,61.55,62.56,61.55,62.56,62.56,1592.0
2022-12-05 05:00:00+00:00,62.53,62.53,61.77,62.36,62.36,3370.0
2022-12-06 05:00:00+00:00,62.2,62.42,62.1,62.22,62.22,4433.0
2022-12-07 05:00:00+00:00,62.35,62.4,61.39,61.39,61.39,3503.0
2022-12-08 05:00:00+00:00,61.27,61.27,61.11,61.21,61.21,1228.0
2022-12-09 05:00:00+00:00,61.0,61.02,60.42,60.54,60.54,1189.0
2022-12-12 05:00:00+00:00,59.92,60.68,59.92,60.58,60.58,2221.0
2022-12-13 05:00:00+00:00,62.55,62.55,60.91,61.26,61.26,5755.0
2022-12-14 05:00:00+00:00,60.93,61.67,60.54,60.54,60.54,2990.0
2022-12-15 05:00:00+00:00,59.49,59.86,58.28,58.53,58.53,5648.0
2022-12-16 05:00:00+00:00,58.27,58.61,58.11,58.4,58.4,8247.0
2022-12-19 05:00:00+00:00,58.44,58.7,57.8,58.3,58.3,7786.0
2022-12-20 05:00:00+00:00,58.19,58.86,58.19,58.58,58.58,5109.0
2022-12-21 05:00:00+00:00,59.25,59.42,59.04,59.07,59.07,3487.0
2022-12-22 05:00:00+00:00,57.61,58.11,57.16,58.11,58.11,7734.0
2022-12-23 05:00:00+00:00,58.11,58.82,58.07,58.43,58.43,1651.0
2022-12-27 05:00:00+00:00,58.48,59.57,58.48,59.57,59.57,4606.0
2022-12-28 05:00:00+00:00,59.66,59.66,58.4,58.41,58.41,3793.0
2022-12-29 05:00:00+00:00,58.92,60.27,58.92,60.27,60.27,2926.0
2022-12-30 05:00:00+00:00,59.9,60.26,59.65,59.74,59.74,1970.0
2023-01-03 05:00:00+00:00,60.22,60.55,59.91,60.55,60.55,3860.0
2023-01-04 05:00:00+00:00,60.93,61.37,60.72,61.13,61.13,5066.0
2023-01-05 05:00:00+00:00,61.18,61.91,60.98,61.26,61.26,3509.0
2023-01-06 05:00:00+00:00,63.18,63.81,63.05,63.35,63.35,6738.0
2023-01-09 05:00:00+00:00,63.94,63.94,63.17,63.25,63.25,3498.0
2023-01-10 05:00:00+00:00,63.31,63.44,62.92,63.25,63.25,2828.0
2023-01-11 05:00:00+00:00,63.67,63.8,63.28,63.78,63.78,3452.0
2023-01-12 05:00:00+00:00,65.32,65.71,65.22,65.66,65.66,1915.0
2023-01-13 05:00:00+00:00,66.13,66.26,65.53,65.53,65.53,4033.0
2023-01-17 05:00:00+00:00,66.1,66.43,65.87,66.34,66.34,2072.0
2023-01-18 05:00:00+00:00,65.68,66.51,64.97,65.06,65.06,3424.0
2023-01-19 05:00:00+00:00,64.25,65.26,64.08,64.77,64.77,4063.0
2023-01-20 05:00:00+00:00,64.78,66.1,64.78,65.41,65.41,3429.0
2023-01-23 05:00:00+00:00,66.02,66.46,65.81,66.04,66.04,2570.0
2023-01-24 05:00:00+00:00,65.3,65.87,65.3,65.75,65.75,4005.0
2023-01-25 05:00:00+00:00,65.19,66.15,65.19,66.04,66.04,927.0
2023-01-26 05:00:00+00:00,65.93,65.93,64.87,65.14,65.14,3336.0
2023-01-27 05:00:00+00:00,65.11,66.21,65.11,66.1,66.1,2310.0
2023-01-30 05:00:00+00:00,65.47,65.8,65.47,65.55,65.55,2128.0
2023-01-31 05:00:00+00:00,66.51,68.18,66.46,68.16,68.16,6914.0
2023-02-01 05:00:00+00:00,68.15,69.79,67.52,68.69,68.69,4266.0
2023-02-02 05:00:00+00:00,69.95,69.95,69.03,69.13,69.13,2836.0
2023-02-03 05:00:00+00:00,69.24,69.67,68.88,68.88,68.88,2477.0
2023-02-06 05:00:00+00:00,68.38,68.38,67.92,68.24,68.24,2115.0
2023-02-07 05:00:00+00:00,67.17,68.15,67.17,67.96,67.96,3069.0
2023-02-08 05:00:00+00:00,67.4,67.77,66.3,66.3,66.3,2626.0
2023-02-09 05:00:00+00:00,65.77,66.05,64.71,64.73,64.73,1777.0
2023-02-10 05:00:00+00:00,64.45,65.37,64.38,65.1,65.1,3255.0
2023-02-13 05:00:00+00:00,65.79,66.49,65.79,66.35,66.35,2575.0
2023-02-14 05:00:00+00:00,66.07,66.3,66.07,66.13,66.13,2228.0
2023-02-15 05:00:00+00:00,65.82,66.97,65.82,66.6,66.6,1873.0
2023-02-16 05:00:00+00:00,65.99,66.82,65.84,66.82,66.82,2345.0
2023-02-17 05:00:00+00:00,67.17,68.35,67.05,67.97,67.97,3499.0
2023-02-21 05:00:00+00:00,67.1,67.2,65.81,66.05,66.05,3406.0
2023-02-22 05:00:00+00:00,66.39,67.93,66.39,66.46,66.46,3771.0
2023-02-23 05:00:00+00:00,67.9,71.29,67.04,71.02,71.02,12044.0
2023-02-24 05:00:00+00:00,69.7,70.34,68.68,69.6,69.6,5173.0
2023-02-27 05:00:00+00:00,70.57,71.94,70.56,70.9,70.9,15602.0
2023-02-28 05:00:00+00:00,70.24,70.27,68.7,68.84,68.84,2223.0
2023-03-01 05:00:00+00:00,69.11,69.66,68.91,69.54,69.54,5113.0
2023-03-02 05:00:00+00:00,69.22,70.28,69.22,70.28,70.28,5411.0
2023-03-03 05:00:00+00:00,70.45,70.63,70.04,70.5,70.5,3918.0
2023-03-06 05:00:00+00:00,69.77,69.77,69.1,69.26,69.26,5097.0
2023-03-07 05:00:00+00:00,69.42,69.96,68.76,68.92,68.92,3254.0
2023-03-08 05:00:00+00:00,68.12,68.61,67.81,68.61,68.61,1613.0
2023-03-09 05:00:00+00:00,68.42,68.75,67.83,67.83,67.83,2485.0
2023-03-10 05:00:00+00:00,66.25,66.25,65.4,65.55,65.55,2332.0
2023-03-13 04:00:00+00:00,64.77,64.9,63.2,63.45,63.45,7391.0
2023-03-14 04:00:00+00:00,65.14,65.56,64.15,65.08,65.08,3380.0
2023-03-15 04:00:00+00:00,63.32,63.36,62.66,63.11,63.11,4376.0
2023-03-16 04:00:00+00:00,64.13,64.83,63.87,64.42,64.42,2891.0
2023-03-17 04:00:00+00:00,63.72,63.72,62.6,63.28,63.28,5563.0
2023-03-20 04:00:00+00:00,64.5,64.62,63.49,63.81,63.81,2518.0
2023-03-21 04:00:00+00:00,65.05,65.32,64.2,64.47,64.47,5448.0
2023-03-22 04:00:00+00:00,64.63,64.63,63.14,63.2,63.2,1672.0
2023-03-23 04:00:00+00:00,63.53,63.78,62.23,62.96,62.96,2347.0
2023-03-24 04:00:00+00:00,62.19,63.18,62.19,63.12,63.12,3930.0
2023-03-27 04:00:00+00:00,63.4,63.83,63.4,63.64,63.64,3734.0
2023-03-28 04:00:00+00:00,64.19,64.41,64.04,64.41,64.41,3422.0
2023-03-29 04:00:00+00:00,64.8,65.18,64.34,65.03,65.03,5487.0
2023-03-30 04:00:00+00:00,65.32,65.42,65.04,65.36,65.36,2101.0
2023-03-31 04:00:00+00:00,66.62,66.9,66.11,66.81,66.81,4466.0
2023-04-03 04:00:00+00:00,67.18,67.79,67.02,67.3,67.3,6001.0
2023-04-04 04:00:00+00:00,64.8,64.87,64.23,64.23,64.23,2028.0
2023-04-05 04:00:00+00:00,64.06,64.12,64.0,64.0,64.0,1347.0
2023-04-06 04:00:00+00:00,63.88,64.23,63.88,64.06,64.06,818.0
2023-04-10 04:00:00+00:00,64.42,65.01,64.42,64.82,64.82,1421.0
2023-04-11 04:00:00+00:00,65.42,66.14,65.04,65.04,65.04,1210.0
2023-04-12 04:00:00+00:00,65.35,65.81,65.35,65.81,65.81,911.0
2023-04-13 04:00:00+00:00,65.37,65.53,65.29,65.31,65.31,1044.0
2023-04-14 04:00:00+00:00,65.94,65.94,64.94,64.95,64.95,2622.0
2023-04-17 04:00:00+00:00,65.52,65.74,65.11,65.73,65.73,2988.0
2023-04-18 04:00:00+00:00,66.06,66.06,65.36,65.47,65.47,2832.0
2023-04-19 04:00:00+00:00,65.17,65.5,65.11,65.29,65.29,1191.0
2023-04-20 04:00:00+00:00,65.24,65.89,65.24,65.89,65.89,1830.0
2023-04-21 04:00:00+00:00,65.79,65.95,65.79,65.85,65.85,2663.0
2023-04-24 04:00:00+00:00,66.0,66.16,66.0,66.16,66.16,854.0
2023-04-25 04:00:00+00:00,65.91,66.11,65.14,65.18,65.18,2375.0
2023-04-26 04:00:00+00:00,63.92,63.92,63.53,63.58,63.58,2518.0
2023-04-27 04:00:00+00:00,63.9,65.13,63.9,64.83,64.83,3259.0
2023-04-28 04:00:00+00:00,69.89,74.49,69.45,74.49,74.49,15807.0
2023-05-01 04:00:00+00:00,75.77,78.48,75.77,78.1,78.1,11026.0
2023-05-02 04:00:00+00:00,77.11,78.17,76.55,77.57,77.57,15404.0
2023-05-03 04:00:00+00:00,77.28,78.3,76.8,76.8,76.8,5872.0
2023-05-04 04:00:00+00:00,75.79,76.27,74.78,74.86,74.86,4309.0
2023-05-05 04:00:00+00:00,76.86,76.87,76.2,76.38,76.38,3104.0
2023-05-08 04:00:00+00:00,75.89,76.44,75.89,76.41,76.41,3063.0
2023-05-09 04:00:00+00:00,75.67,76.46,75.67,75.98,75.98,4418.0
2023-05-10 04:00:00+00:00,76.19,76.19,75.36,75.95,75.95,3703.0
2023-05-11 04:00:00+00:00,74.81,75.69,74.81,75.69,75.69,6170.0
2023-05-12 04:00:00+00:00,76.19,76.19,75.25,75.82,75.82,2849.0
2023-05-15 04:00:00+00:00,75.79,76.64,75.79,76.31,76.31,2304.0
2023-05-16 04:00:00+00:00,75.08,75.43,75.08,75.38,75.38,4250.0
2023-05-17 04:00:00+00:00,75.37,76.14,75.37,76.09,76.09,2361.0
2023-05-18 04:00:00+00:00,76.32,76.35,76.13,76.29,76.29,5315.0
2023-05-19 04:00:00+00:00,76.57,76.69,75.65,75.8,75.8,4356.0
2023-05-22 04:00:00+00:00,76.68,76.68,76.35,76.46,76.46,2539.0
2023-05-23 04:00:00+00:00,76.35,76.57,75.57,75.57,75.57,3100.0
2023-05-24 04:00:00+00:00,75.05,75.05,74.05,74.17,74.17,2367.0
2023-05-25 04:00:00+00:00,74.27,74.33,73.64,73.89,73.89,3816.0
2023-05-26 04:00:00+00:00,73.62,73.87,73.38,73.38,73.38,2334.0
2023-05-30 04:00:00+00:00,73.17,73.17,72.36,72.44,72.44,2875.0
2023-05-31 04:00:00+00:00,71.52,71.98,71.52,71.58,71.58,5361.0
2023-06-01 04:00:00+00:00,71.53,72.58,71.25,72.44,72.44,7041.0
2023-06-02 04:00:00+00:00,73.56,75.71,73.31,75.71,75.71,7566.0
2023-06-05 04:00:00+00:00,73.44,74.13,73.18,73.73,73.73,5391.0
2023-06-06 04:00:00+00:00,75.0,76.37,74.92,76.33,76.33,5134.0
2023-06-07 04:00:00+00:00,78.12,79.41,78.11,79.36,79.36,3607.0
2023-06-08 04:00:00+00:00,78.53,79.34,78.53,79.14,79.14,3744.0
2023-06-09 04:00:00+00:00,77.83,78.14,77.83,78.13,78.13,1957.0
2023-06-12 04:00:00+00:00,78.24,78.9,78.24,78.77,78.77,2995.0
2023-06-13 04:00:00+00:00,79.01,79.92,79.01,79.84,79.84,9115.0
2023-06-14 04:00:00+00:00,79.2,79.2,78.4,78.86,78.86,5608.0
2023-06-15 04:00:00+00:00,79.2,79.47,78.61,79.47,79.47,5061.0
2023-06-16 04:00:00+00:00,79.05,79.32,78.73,79.32,79.32,4196.0
2023-06-20 04:00:00+00:00,79.08,79.18,78.83,79.09,79.09,1689.0
2023-06-21 04:00:00+00:00,79.58,79.89,79.58,79.8,79.8,2996.0
2023-06-22 04:00:00+00:00,79.01,79.01,78.15,78.15,78.15,2827.0
2023-06-23 04:00:00+00:00,77.85,77.85,76.83,77.56,77.56,6444.0
2023-06-26 04:00:00+00:00,78.21,78.77,77.93,78.25,78.25,4800.0
2023-06-27 04:00:00+00:00,78.11,78.59,78.11,78.45,78.45,2785.0
2023-06-28 04:00:00+00:00,77.92,77.92,77.92,77.92,77.92,1746.0
2023-06-29 04:00:00+00:00,79.04,79.82,79.04,79.82,79.82,2797.0
2023-06-30 04:00:00+00:00,79.89,79.93,79.41,79.41,79.41,2599.0
2023-07-03 04:00:00+00:00,79.2,79.72,78.99,79.64,79.64,4669.0
2023-07-05 04:00:00+00:00,78.34,78.71,77.19,77.19,77.19,5012.0
2023-07-06 04:00:00+00:00,75.79,75.87,75.52,75.58,75.58,5923.0
2023-07-07 04:00:00+00:00,76.49,76.67,76.06,76.06,76.06,2575.0
2023-07-10 04:00:00+00:00,76.49,76.49,75.83,75.92,75.92,3148.0
2023-07-11 04:00:00+00:00,75.93,76.22,75.66,76.22,76.22,12053.0
2023-07-12 04:00:00+00:00,76.91,78.12,76.83,77.14,77.14,8648.0
2023-07-13 04:00:00+00:00,77.34,77.87,77.2,77.87,77.87,3921.0
2023-07-14 04:00:00+00:00,77.54,77.75,77.54,77.75,77.75,1649.0
2023-07-17 04:00:00+00:00,78.18,78.6,78.06,78.1,78.1,5824.0
2023-07-18 04:00:00+00:00,78.77,79.12,78.75,79.08,79.08,3011.0
2023-07-19 04:00:00+00:00,78.2,78.94,78.2,78.94,78.94,1539.0
2023-07-20 04:00:00+00:00,79.3,79.3,79.02,79.02,79.02,1792.0
2023-07-21 04:00:00+00:00,78.82,78.82,77.65,77.74,77.74,2700.0
2023-07-24 04:00:00+00:00,77.7,78.14,77.7,78.02,78.02,2667.0
2023-07-25 04:00:00+00:00,77.41,78.35,77.41,78.23,78.23,2133.0
2023-07-26 04:00:00+00:00,78.14,78.21,77.76,77.76,77.76,1676.0
2023-07-27 04:00:00+00:00,77.32,77.32,76.52,77.03,77.03,3698.0
2023-07-28 04:00:00+00:00,77.6,78.44,77.6,77.89,77.89,1114.0
2023-07-31 04:00:00+00:00,78.26,78.44,78.26,78.27,78.27,1130.0
2023-08-01 04:00:00+00:00,78.98,78.98,78.01,78.5,78.5,5850.0
2023-08-02 04:00:00+00:00,78.61,78.93,78.5,78.62,78.62,1805.0
2023-08-03 04:00:00+00:00,78.5,79.66,78.01,79.64,79.64,4243.0
2023-08-04 04:00:00+00:00,82.73,83.62,81.68,81.84,81.84,6250.0
2023-08-07 04:00:00+00:00,82.73,85.52,81.98,85.06,85.06,5636.0
2023-08-08 04:00:00+00:00,84.14,84.87,83.95,84.87,84.87,4035.0
2023-08-09 04:00:00+00:00,83.77,84.53,83.21,84.53,84.53,3464.0
2023-08-10 04:00:00+00:00,84.82,84.82,83.47,83.65,83.65,3745.0
2023-08-11 04:00:00+00:00,83.48,84.0,83.07,83.07,83.07,2701.0
2023-08-14 04:00:00+00:00,82.24,82.35,81.91,82.22,82.22,3645.0
2023-08-15 04:00:00+00:00,81.06,81.29,80.88,81.18,81.18,5943.0
2023-08-16 04:00:00+00:00,81.61,81.61,80.03,80.03,80.03,2148.0
2023-08-17 04:00:00+00:00,79.88,79.88,78.66,78.78,78.78,2355.0
2023-08-18 04:00:00+00:00,79.0,79.0,78.45,78.64,78.64,4196.0
2023-08-21 04:00:00+00:00,78.32,78.6,78.32,78.6,78.6,2371.0
2023-08-22 04:00:00+00:00,78.33,78.46,77.83,78.3,78.3,2110.0
2023-08-23 04:00:00+00:00,79.13,79.97,78.95,79.75,79.75,9980.0
2023-08-24 04:00:00+00:00,80.68,81.16,79.95,79.95,79.95,3162.0
2023-08-25 04:00:00+00:00,81.07,81.07,80.29,80.33,80.33,5067.0
2023-08-28 04:00:00+00:00,81.36,81.39,80.28,80.42,80.42,3136.0
2023-08-29 04:00:00+00:00,80.51,80.77,80.28,80.64,80.64,4810.0
2023-08-30 04:00:00+00:00,81.77,82.18,81.75,81.84,81.84,3847.0
2023-08-31 04:00:00+00:00,82.51,82.53,80.77,80.98,80.98,4968.0
2023-09-01 04:00:00+00:00,81.91,82.04,81.76,81.9,81.9,7053.0
2023-09-05 04:00:00+00:00,80.54,80.54,76.52,76.95,76.95,6561.0
2023-09-06 04:00:00+00:00,77.6,77.68,76.6,76.64,76.64,4773.0
2023-09-07 04:00:00+00:00,76.21,78.11,76.17,77.94,77.94,4255.0
2023-09-08 04:00:00+00:00,77.93,77.93,76.9,76.9,76.9,2688.0
2023-09-11 04:00:00+00:00,77.28,77.68,77.26,77.32,77.32,2173.0
2023-09-12 04:00:00+00:00,77.53,77.53,76.14,76.27,76.27,3322.0
2023-09-13 04:00:00+00:00,76.24,76.24,75.4,75.5,75.5,2547.0
2023-09-14 04:00:00+00:00,76.06,76.06,75.36,76.05,76.05,5535.0
2023-09-15 04:00:00+00:00,76.15,76.15,74.75,75.23,75.23,1929.0
2023-09-18 04:00:00+00:00,76.12,76.12,75.62,75.62,75.62,1888.0
2023-09-19 04:00:00+00:00,75.6,75.6,75.28,75.5,75.5,2591.0
2023-09-20 04:00:00+00:00,76.35,76.39,74.7,74.73,74.73,5184.0
2023-09-21 04:00:00+00:00,74.1,74.1,73.13,73.13,73.13,2536.0
2023-09-22 04:00:00+00:00,73.45,73.45,72.92,73.09,73.09,1803.0
2023-09-25 04:00:00+00:00,73.85,73.85,73.36,73.4,73.4,1786.0
2023-09-26 04:00:00+00:00,72.89,72.95,72.45,72.45,72.45,1332.0
2023-09-27 04:00:00+00:00,72.81,73.13,72.59,72.87,72.87,1587.0
2023-09-28 04:00:00+00:00,73.6,74.65,73.6,74.36,74.36,3108.0
2023-09-29 04:00:00+00:00,72.92,72.92,72.8,72.89,72.89,2051.0
2023-10-02 04:00:00+00:00,72.71,73.22,72.71,73.22,73.22,2731.0
2023-10-03 04:00:00+00:00,73.28,73.49,72.75,72.99,72.99,2020.0
2023-10-04 04:00:00+00:00,73.58,74.4,72.75,74.35,74.35,5570.0
2023-10-05 04:00:00+00:00,74.72,74.89,74.72,74.89,74.89,1557.0
2023-10-06 04:00:00+00:00,74.95,75.29,74.83,74.84,74.84,5563.0
2023-10-09 04:00:00+00:00,75.04,75.61,75.04,75.61,75.61,1837.0
2023-10-10 04:00:00+00:00,76.12,76.74,75.67,75.67,75.67,4886.0
2023-10-11 04:00:00+00:00,76.42,76.42,75.88,76.12,76.12,4856.0
2023-10-12 04:00:00+00:00,75.68,75.68,74.76,75.3,75.3,2553.0
2023-10-13 04:00:00+00:00,74.89,75.27,73.36,73.6,73.6,4010.0
2023-10-16 04:00:00+00:00,75.18,75.18,74.45,74.45,74.45,1569.0
2023-10-17 04:00:00+00:00,75.28,76.22,75.22,75.84,75.84,4227.0
2023-10-18 04:00:00+00:00,74.04,74.04,73.63,73.64,73.64,1103.0
2023-10-19 04:00:00+00:00,73.26,73.51,72.88,73.04,73.04,1912.0
2023-10-20 04:00:00+00:00,73.68,73.68,72.61,72.61,72.61,1573.0
2023-10-23 04:00:00+00:00,72.24,72.93,72.1,72.1,72.1,1520.0
2023-10-24 04:00:00+00:00,72.32,72.32,72.27,72.27,72.27,873.0
2023-10-25 04:00:00+00:00,72.13,72.16,71.71,71.95,71.95,1319.0
2023-10-26 04:00:00+00:00,72.47,72.77,72.05,72.69,72.69,3354.0
2023-10-27 04:00:00+00:00,72.07,72.66,71.65,71.72,71.72,2737.0
2023-10-30 04:00:00+00:00,73.09,74.0,72.65,74.0,74.0,3474.0
2023-10-31 04:00:00+00:00,74.69,76.49,72.85,72.85,72.85,3460.0
2023-11-01 04:00:00+00:00,75.51,77.79,74.42,77.79,77.79,12764.0
2023-11-02 04:00:00+00:00,78.99,79.74,78.81,79.34,79.34,4304.0
2023-11-03 04:00:00+00:00,81.06,81.14,80.5,80.71,80.71,3757.0
2023-11-06 05:00:00+00:00,80.97,81.11,80.41,81.04,81.04,6522.0
2023-11-07 05:00:00+00:00,80.86,81.6,80.84,81.6,81.6,9131.0
2023-11-08 05:00:00+00:00,82.68,82.68,81.89,81.94,81.94,5869.0
2023-11-09 05:00:00+00:00,82.16,82.62,81.86,82.05,82.05,3339.0
2023-11-10 05:00:00+00:00,82.22,82.7,82.22,82.4,82.4,3766.0
2023-11-13 05:00:00+00:00,81.88,82.36,81.87,81.87,81.87,4450.0
2023-11-14 05:00:00+00:00,83.84,83.9,82.5,82.65,82.65,15180.0
2023-11-15 05:00:00+00:00,82.84,83.26,82.52,82.94,82.94,9889.0
2023-11-16 05:00:00+00:00,82.99,84.9,82.97,84.87,84.87,7975.0
2023-11-17 05:00:00+00:00,86.41,87.85,86.12,86.13,86.13,5994.0
2023-11-20 05:00:00+00:00,85.25,86.27,84.4,85.93,85.93,3427.0
2023-11-21 05:00:00+00:00,85.82,85.89,84.8,84.8,84.8,1719.0
2023-11-22 05:00:00+00:00,85.39,85.98,85.32,85.93,85.93,3916.0
2023-11-24 05:00:00+00:00,86.52,86.71,86.36,86.39,86.39,1750.0
2023-11-27 05:00:00+00:00,86.13,86.97,85.97,86.62,86.62,3599.0
2023-11-28 05:00:00+00:00,85.99,86.43,85.1,85.1,85.1,3280.0
2023-11-29 05:00:00+00:00,85.05,85.25,83.95,84.29,84.29,2258.0
2023-11-30 05:00:00+00:00,84.94,84.94,84.19,84.32,84.32,2496.0
2023-12-01 05:00:00+00:00,84.43,85.53,84.42,85.44,85.44,4438.0
2023-12-04 05:00:00+00:00,85.74,86.28,85.72,85.79,85.79,7301.0
2023-12-05 05:00:00+00:00,85.12,85.34,84.52,84.7,84.7,2058.0
2023-12-06 05:00:00+00:00,85.9,85.9,84.18,84.18,84.18,2180.0
2023-12-07 05:00:00+00:00,84.52,85.66,84.52,85.46,85.46,4554.0
2023-12-08 05:00:00+00:00,85.72,85.9,85.18,85.58,85.58,4171.0
2023-12-11 05:00:00+00:00,85.72,85.94,85.57,85.74,85.74,5892.0
2023-12-12 05:00:00+00:00,85.65,86.84,85.65,86.31,86.31,4171.0
2023-12-13 05:00:00+00:00,86.24,86.89,85.77,86.7,86.7,10109.0
2023-12-14 05:00:00+00:00,88.59,90.73,88.59,89.84,89.84,4461.0
2023-12-15 05:00:00+00:00,89.47,90.12,88.27,89.18,89.18,3599.0
2023-12-18 05:00:00+00:00,89.28,89.96,88.91,89.78,89.78,6236.0
2023-12-19 05:00:00+00:00,89.83,90.94,89.83,90.72,90.72,3668.0
2023-12-20 05:00:00+00:00,90.19,91.58,89.31,89.38,89.38,7353.0
2023-12-21 05:00:00+00:00,90.33,90.44,89.98,90.4,90.4,2494.0
2023-12-22 05:00:00+00:00,91.49,91.49,90.77,90.91,90.91,3325.0
2023-12-26 05:00:00+00:00,90.46,91.18,90.46,91.11,91.11,1698.0
2023-12-27 05:00:00+00:00,91.47,91.53,91.09,91.39,91.39,1828.0
2023-12-28 05:00:00+00:00,91.96,91.97,91.44,91.44,91.44,3182.0
2023-12-29 05:00:00+00:00,91.24,91.4,90.99,91.27,91.27,2252.0
2024-01-02 05:00:00+00:00,90.63,90.94,90.03,90.26,90.26,2278.0
2024-01-03 05:00:00+00:00,89.15,89.15,87.19,87.19,87.19,2481.0
2024-01-04 05:00:00+00:00,87.57,87.57,86.44,86.44,86.44,4957.0
2024-01-05 05:00:00+00:00,86.15,86.32,85.61,85.61,85.61,2714.0
2024-01-08 05:00:00+00:00,86.13,86.57,86.02,86.57,86.57,1588.0
2024-01-09 05:00:00+00:00,85.17,85.69,85.17,85.64,85.64,1702.0
2024-01-10 05:00:00+00:00,86.16,86.16,85.5,86.09,86.09,4334.0
2024-01-11 05:00:00+00:00,86.25,87.65,85.56,87.65,87.65,4414.0
2024-01-12 05:00:00+00:00,88.09,89.17,88.09,89.01,89.01,2456.0
2024-01-16 05:00:00+00:00,87.87,89.74,87.87,89.57,89.57,5557.0
2024-01-17 05:00:00+00:00,88.78,88.99,88.53,88.93,88.93,3386.0
2024-01-18 05:00:00+00:00,89.73,90.11,89.32,89.48,89.48,5956.0
2024-01-19 05:00:00+00:00,89.2,89.45,88.18,89.45,89.45,2094.0
2024-01-22 05:00:00+00:00,90.62,90.64,90.14,90.34,90.34,4463.0
2024-01-23 05:00:00+00:00,90.66,90.66,89.43,89.43,89.43,2496.0
2024-01-24 05:00:00+00:00,89.66,89.66,88.62,88.62,88.62,1702.0
2024-01-25 05:00:00+00:00,89.76,90.37,89.43,89.43,89.43,4832.0
2024-01-26 05:00:00+00:00,90.28,91.03,89.75,90.95,90.95,22301.0
2024-01-29 05:00:00+00:00,91.33,93.88,91.33,93.67,93.67,5748.0
2024-01-30 05:00:00+00:00,93.27,93.65,92.93,93.5,93.5,5235.0
2024-01-31 05:00:00+00:00,93.5,93.97,93.06,93.11,93.11,5324.0
2024-02-01 05:00:00+00:00,93.63,95.47,93.23,95.36,95.36,2693.0
2024-02-02 05:00:00+00:00,94.8,95.71,94.74,95.58,95.58,1954.0
2024-02-05 05:00:00+00:00,94.61,95.2,94.44,94.65,94.65,6129.0
2024-02-06 05:00:00+00:00,94.69,95.04,94.69,95.01,95.01,2006.0
2024-02-07 05:00:00+00:00,95.61,95.94,95.02,95.16,95.16,4960.0
2024-02-08 05:00:00+00:00,95.2,95.5,95.2,95.5,95.5,1590.0
2024-02-09 05:00:00+00:00,96.01,96.36,95.33,96.25,96.25,2897.0
2024-02-12 05:00:00+00:00,95.97,98.05,95.7,97.87,97.87,4662.0
2024-02-13 05:00:00+00:00,95.66,96.2,94.5,95.15,95.15,4206.0
2024-02-14 05:00:00+00:00,96.8,98.35,96.8,98.35,98.35,5214.0
2024-02-15 05:00:00+00:00,99.6,100.73,99.44,100.6,100.6,3097.0
2024-02-16 05:00:00+00:00,100.36,100.74,100.02,100.02,100.02,4689.0
2024-02-20 05:00:00+00:00,99.03,100.86,99.03,100.57,100.57,3963.0
2024-02-21 05:00:00+00:00,100.9,100.9,99.82,100.43,100.43,11707.0
2024-02-22 05:00:00+00:00,97.44,99.94,97.44,99.45,99.45,6426.0
2024-02-23 05:00:00+00:00,101.6,105.09,101.6,104.77,104.77,7795.0
2024-02-26 05:00:00+00:00,104.7,108.76,104.06,108.46,108.46,9508.0
2024-02-27 05:00:00+00:00,108.42,113.17,108.42,112.99,112.99,16193.0
2024-02-28 05:00:00+00:00,113.82,115.43,111.94,111.94,111.94,30281.0
2024-02-29 05:00:00+00:00,112.74,112.74,110.04,111.78,111.78,10746.0
2024-03-01 05:00:00+00:00,110.73,110.74,108.65,109.38,109.38,11258.0
2024-03-04 05:00:00+00:00,109.39,111.48,108.66,108.74,108.74,10664.0
2024-03-05 05:00:00+00:00,108.95,110.17,107.08,107.5,107.5,7330.0
2024-03-06 05:00:00+00:00,107.17,108.73,106.4,107.35,107.35,12716.0
2024-03-07 05:00:00+00:00,109.05,109.31,108.06,108.83,108.83,5545.0
2024-03-08 05:00:00+00:00,110.1,110.34,108.6,109.25,109.25,7573.0
2024-03-11 04:00:00+00:00,108.35,109.81,108.32,109.81,109.81,4059.0
2024-03-12 04:00:00+00:00,108.94,110.22,108.88,110.22,110.22,4016.0
2024-03-13 04:00:00+00:00,110.3,111.81,110.3,111.25,111.25,14491.0
2024-03-14 04:00:00+00:00,110.64,110.71,109.35,110.71,110.71,4855.0
2024-03-15 04:00:00+00:00,111.33,113.25,111.33,112.81,112.81,9913.0
2024-03-18 04:00:00+00:00,113.84,113.84,111.7,111.71,111.71,13641.0
2024-03-19 04:00:00+00:00,112.99,113.6,112.99,113.33,113.33,2086.0
2024-03-20 04:00:00+00:00,113.74,115.26,113.73,115.21,115.21,2641.0
2024-03-21 04:00:00+00:00,115.2,120.42,115.2,120.3,120.3,6151.0
2024-03-22 04:00:00+00:00,119.67,120.2,119.07,120.18,120.18,3241.0
2024-03-25 04:00:00+00:00,121.16,121.16,117.71,117.71,117.71,2751.0
2024-03-26 04:00:00+00:00,118.53,119.42,117.6,119.25,119.25,5246.0
2024-03-27 04:00:00+00:00,119.66,120.2,118.79,120.2,120.2,5195.0
2024-03-28 04:00:00+00:00,119.66,121.07,119.66,120.26,120.26,2606.0
2024-04-01 04:00:00+00:00,119.83,121.99,119.81,121.59,121.59,6798.0
2024-04-02 04:00:00+00:00,119.65,119.65,118.25,119.4,119.4,3678.0
2024-04-03 04:00:00+00:00,119.7,121.66,119.7,121.09,121.09,3410.0
2024-04-04 04:00:00+00:00,121.83,122.25,119.38,119.6,119.6,2868.0
2024-04-05 04:00:00+00:00,120.59,121.1,119.59,120.31,120.31,3979.0
2024-04-08 04:00:00+00:00,120.05,120.49,119.85,119.96,119.96,2443.0
2024-04-09 04:00:00+00:00,120.43,120.57,117.94,119.9,119.9,7305.0
2024-04-10 04:00:00+00:00,118.08,118.34,116.21,116.99,116.99,4579.0
2024-04-11 04:00:00+00:00,116.68,118.14,116.68,117.49,117.49,7043.0
2024-04-12 04:00:00+00:00,116.6,117.38,114.94,115.69,115.69,3564.0
2024-04-15 04:00:00+00:00,117.35,117.35,113.98,114.71,114.71,4699.0
2024-04-16 04:00:00+00:00,114.28,114.92,114.28,114.78,114.78,3037.0
2024-04-17 04:00:00+00:00,113.82,114.4,113.13,114.27,114.27,4530.0
2024-04-18 04:00:00+00:00,114.28,115.72,113.09,113.23,113.23,6083.0
2024-04-19 04:00:00+00:00,113.16,114.05,113.13,113.57,113.57,4547.0
2024-04-22 04:00:00+00:00,114.05,115.25,114.05,114.08,114.08,4271.0
2024-04-23 04:00:00+00:00,116.27,117.0,115.91,117.0,117.0,2844.0
2024-04-24 04:00:00+00:00,117.47,117.47,115.47,116.13,116.13,3700.0
2024-04-25 04:00:00+00:00,114.29,114.44,113.73,114.07,114.07,3536.0
2024-04-26 04:00:00+00:00,114.54,114.99,114.47,114.56,114.56,2528.0
2024-04-29 04:00:00+00:00,114.67,115.32,114.51,114.94,114.94,5192.0
2024-04-30 04:00:00+00:00,114.54,115.84,114.51,114.87,114.87,6631.0
2024-05-01 04:00:00+00:00,114.92,115.63,113.21,113.21,113.21,2961.0
2024-05-02 04:00:00+00:00,113.79,114.84,113.76,114.27,114.27,4558.0
2024-05-03 04:00:00+00:00,109.14,109.14,104.32,105.78,105.78,7344.0
2024-05-06 04:00:00+00:00,107.59,107.59,105.63,105.69,105.69,4480.0
2024-05-07 04:00:00+00:00,106.87,106.87,105.45,105.91,105.91,9627.0
2024-05-08 04:00:00+00:00,106.88,107.24,106.72,106.84,106.84,4039.0
2024-05-09 04:00:00+00:00,106.41,106.41,105.34,105.34,105.34,1825.0
2024-05-10 04:00:00+00:00,105.81,106.05,105.26,105.29,105.29,2416.0
2024-05-13 04:00:00+00:00,105.07,105.22,103.53,103.94,103.94,5351.0
2024-05-14 04:00:00+00:00,102.86,104.6,102.86,104.52,104.52,4574.0
2024-05-15 04:00:00+00:00,105.67,107.1,104.7,104.7,104.7,4846.0
2024-05-16 04:00:00+00:00,103.66,104.36,102.81,104.22,104.22,3719.0
2024-05-17 04:00:00+00:00,104.11,104.29,103.6,103.6,103.6,3463.0
2024-05-20 04:00:00+00:00,103.35,103.97,103.2,103.2,103.2,3084.0
2024-05-21 04:00:00+00:00,103.3,103.3,102.61,102.72,102.72,2528.0
2024-05-22 04:00:00+00:00,102.4,102.4,101.12,101.62,101.62,2717.0
2024-05-23 04:00:00+00:00,100.83,101.7,100.44,100.91,100.91,4289.0
2024-05-24 04:00:00+00:00,100.73,101.11,100.08,100.89,100.89,3185.0
2024-05-28 04:00:00+00:00,101.4,101.4,99.93,99.93,99.93,2699.0
2024-05-29 04:00:00+00:00,99.59,99.59,98.82,98.84,98.84,2620.0
2024-05-30 04:00:00+00:00,99.28,100.57,99.28,100.57,100.57,3228.0
2024-05-31 04:00:00+00:00,100.66,101.69,100.52,101.54,101.54,3222.0
2024-06-03 04:00:00+00:00,100.2,100.2,99.28,99.28,99.28,1146.0
2024-06-04 04:00:00+00:00,101.6,101.6,99.81,100.91,100.91,6427.0
2024-06-05 04:00:00+00:00,100.11,100.32,99.78,99.97,99.97,2537.0
2024-06-06 04:00:00+00:00,99.55,99.94,98.11,98.77,98.77,8169.0
2024-06-07 04:00:00+00:00,98.35,98.35,97.69,98.17,98.17,2222.0
2024-06-10 04:00:00+00:00,97.0,98.41,97.0,98.14,98.14,3428.0
2024-06-11 04:00:00+00:00,97.02,97.67,96.62,97.6,97.6,1879.0
2024-06-12 04:00:00+00:00,99.31,100.58,99.31,99.55,99.55,3051.0
2024-06-13 04:00:00+00:00,97.32,97.32,95.68,97.14,97.14,6913.0
2024-06-14 04:00:00+00:00,96.29,96.29,94.62,95.28,95.28,4173.0
2024-06-17 04:00:00+00:00,95.48,96.09,95.18,95.66,95.66,2652.0
2024-06-18 04:00:00+00:00,96.16,97.19,96.16,97.1,97.1,1320.0
2024-06-20 04:00:00+00:00,96.7,96.7,95.79,96.23,96.23,2053.0
2024-06-21 04:00:00+00:00,96.67,97.5,95.72,97.5,97.5,3730.0
2024-06-24 04:00:00+00:00,97.97,98.12,97.45,97.61,97.61,2001.0
2024-06-25 04:00:00+00:00,96.18,96.59,96.18,96.59,96.59,2060.0
2024-06-26 04:00:00+00:00,96.28,96.92,96.28,96.64,96.64,2450.0
2024-06-27 04:00:00+00:00,96.55,96.67,96.29,96.42,96.42,1914.0
2024-06-28 04:00:00+00:00,96.14,97.39,96.14,97.39,97.39,2169.0
2024-07-01 04:00:00+00:00,96.59,97.06,96.36,96.64,96.64,3037.0
2024-07-02 04:00:00+00:00,97.24,97.86,97.24,97.67,97.67,2069.0
2024-07-03 04:00:00+00:00,98.09,98.09,97.6,97.6,97.6,977.0
2024-07-05 04:00:00+00:00,97.23,97.43,96.57,97.15,97.15,3704.0
2024-07-08 04:00:00+00:00,97.77,98.36,97.67,98.04,98.04,3534.0
2024-07-09 04:00:00+00:00,97.46,97.52,95.96,96.06,96.06,3132.0
2024-07-10 04:00:00+00:00,96.96,97.44,96.67,97.05,97.05,2679.0
2024-07-11 04:00:00+00:00,99.76,101.15,99.76,100.82,100.82,2239.0
2024-07-12 04:00:00+00:00,103.27,103.27,100.48,100.53,100.53,2330.0
2024-07-15 04:00:00+00:00,102.97,104.48,102.97,103.03,103.03,2910.0
2024-07-16 04:00:00+00:00,104.81,107.47,104.81,107.47,107.47,800.0
2024-07-17 04:00:00+00:00,107.35,107.74,106.26,106.97,106.97,4781.0
2024-07-18 04:00:00+00:00,108.29,108.29,106.05,106.75,106.75,3128.0
2024-07-19 04:00:00+00:00,105.24,105.48,104.63,104.63,104.63,1579.0
2024-07-22 04:00:00+00:00,105.54,105.94,103.67,105.54,105.54,3702.0
2024-07-23 04:00:00+00:00,106.89,107.81,106.89,107.81,107.81,1853.0
2024-07-24 04:00:00+00:00,106.71,107.05,105.01,105.01,105.01,2884.0
2024-07-25 04:00:00+00:00,108.06,108.13,107.55,107.55,107.55,1950.0
2024-07-26 04:00:00+00:00,108.71,108.71,107.96,108.03,108.03,3177.0
2024-07-29 04:00:00+00:00,107.98,108.04,105.98,105.98,105.98,2466.0
2024-07-30 04:00:00+00:00,106.81,106.81,105.51,106.75,106.75,4877.0
2024-07-31 04:00:00+00:00,106.11,108.37,106.11,106.5,106.5,5221.0
2024-08-01 04:00:00+00:00,107.06,107.08,101.46,102.41,102.41,3329.0
2024-08-02 04:00:00+00:00,98.5,99.1,97.38,98.48,98.48,2315.0
2024-08-05 04:00:00+00:00,94.12,95.19,93.88,94.08,94.08,3844.0
2024-08-06 04:00:00+00:00,95.62,96.54,95.29,95.63,95.63,2884.0
2024-08-07 04:00:00+00:00,96.88,97.13,94.79,95.0,95.0,5801.0
2024-08-08 04:00:00+00:00,93.84,94.12,90.28,91.26,91.26,4039.0
2024-08-09 04:00:00+00:00,92.03,93.12,91.83,92.54,92.54,4781.0
2024-08-12 04:00:00+00:00,91.25,91.84,89.76,89.94,89.94,5193.0
2024-08-13 04:00:00+00:00,90.59,92.76,89.32,92.39,92.39,10452.0
2024-08-14 04:00:00+00:00,92.16,92.16,89.52,91.26,91.26,9781.0
2024-08-15 04:00:00+00:00,93.76,94.15,92.95,92.95,92.95,2682.0
2024-08-16 04:00:00+00:00,93.25,93.9,93.05,93.2,93.2,3626.0
2024-08-19 04:00:00+00:00,92.99,94.17,92.94,93.14,93.14,4506.0
2024-08-20 04:00:00+00:00,91.9,92.48,91.9,92.43,92.43,1359.0
2024-08-21 04:00:00+00:00,92.2,93.9,91.8,93.47,93.47,3157.0
2024-08-22 04:00:00+00:00,92.86,92.95,92.51,92.51,92.51,2237.0
2024-08-23 04:00:00+00:00,93.64,95.59,93.64,95.01,95.01,1968.0
2024-08-26 04:00:00+00:00,95.85,96.28,95.85,96.28,96.28,2609.0
2024-08-27 04:00:00+00:00,94.34,95.95,94.34,95.67,95.67,3000.0
2024-08-28 04:00:00+00:00,95.35,95.84,95.03,95.16,95.16,5050.0
2024-08-29 04:00:00+00:00,96.2,96.89,96.02,96.02,96.02,5382.0
2024-08-30 04:00:00+00:00,95.9,96.35,95.9,96.32,96.32,2427.0
2024-09-03 04:00:00+00:00,96.19,96.22,93.42,94.15,94.15,4971.0
2024-09-04 04:00:00+00:00,94.55,94.55,93.13,93.35,93.35,2136.0
2024-09-05 04:00:00+00:00,92.6,92.6,91.9,91.93,91.93,2431.0
2024-09-06 04:00:00+00:00,91.66,91.66,90.75,90.75,90.75,1897.0
2024-09-09 04:00:00+00:00,90.25,90.72,90.11,90.11,90.11,4380.0
2024-09-10 04:00:00+00:00,89.53,90.11,89.44,90.11,90.11,3863.0
2024-09-11 04:00:00+00:00,88.99,89.97,88.24,89.97,89.97,2175.0
2024-09-12 04:00:00+00:00,90.92,91.04,89.75,90.68,90.68,3955.0
2024-09-13 04:00:00+00:00,91.54,92.25,91.54,91.78,91.78,3436.0
2024-09-16 04:00:00+00:00,92.79,92.79,91.73,92.31,92.31,2708.0
2024-09-17 04:00:00+00:00,93.79,95.28,93.79,94.38,94.38,2835.0
2024-09-18 04:00:00+00:00,93.53,94.43,92.43,93.04,93.04,3085.0
2024-09-19 04:00:00+00:00,93.47,93.47,92.56,93.24,93.24,5857.0
2024-09-20 04:00:00+00:00,92.48,92.95,91.42,91.42,91.42,5003.0
2024-09-23 04:00:00+00:00,91.85,92.68,91.78,92.68,92.68,1367.0
2024-09-24 04:00:00+00:00,93.61,94.47,93.61,94.38,94.38,3403.0
2024-09-25 04:00:00+00:00,94.28,94.7,93.43,93.43,93.43,4648.0
2024-09-26 04:00:00+00:00,96.35,96.91,95.58,96.2,96.2,5476.0
2024-09-27 04:00:00+00:00,96.58,97.86,95.82,95.86,95.86,5670.0
2024-09-30 04:00:00+00:00,95.61,95.73,94.63,95.37,95.37,2788.0
2024-10-01 04:00:00+00:00,94.31,94.31,92.39,93.08,93.08,4335.0
2024-10-02 04:00:00+00:00,93.51,93.51,92.83,93.1,93.1,1740.0
2024-10-03 04:00:00+00:00,91.59,91.59,90.21,90.22,90.22,2704.0
2024-10-04 04:00:00+00:00,91.26,91.39,90.79,91.25,91.25,2703.0
2024-10-07 04:00:00+00:00,90.6,91.2,90.37,91.2,91.2,1873.0
2024-10-08 04:00:00+00:00,91.27,92.89,91.27,92.64,92.64,4187.0
2024-10-09 04:00:00+00:00,92.93,93.13,91.22,91.36,91.36,2466.0
2024-10-10 04:00:00+00:00,90.62,92.7,90.62,92.08,92.08,3686.0
2024-10-11 04:00:00+00:00,92.6,92.91,92.48,92.52,92.52,4501.0
2024-10-14 04:00:00+00:00,92.57,93.47,92.49,93.47,93.47,2159.0
2024-10-15 04:00:00+00:00,93.69,94.33,92.71,92.71,92.71,2828.0
2024-10-16 04:00:00+00:00,94.39,94.39,93.49,93.49,93.49,2201.0
2024-10-17 04:00:00+00:00,93.67,93.82,93.67,93.82,93.82,982.0
2024-10-18 04:00:00+00:00,92.81,92.87,92.63,92.64,92.64,2340.0
2024-10-21 04:00:00+00:00,92.49,92.49,90.98,90.98,90.98,2671.0
2024-10-22 04:00:00+00:00,90.85,90.85,90.5,90.5,90.5,2408.0
2024-10-23 04:00:00+00:00,89.97,89.97,89.87,89.87,89.87,2305.0
2024-10-24 04:00:00+00:00,89.92,89.92,88.73,89.56,89.56,1391.0
2024-10-25 04:00:00+00:00,90.43,90.54,89.46,89.8,89.8,3822.0
2024-10-28 04:00:00+00:00,90.72,91.09,89.99,89.99,89.99,1852.0
2024-10-29 04:00:00+00:00,88.76,89.78,88.76,89.44,89.44,1782.0
2024-10-30 04:00:00+00:00,89.8,90.4,89.58,89.58,89.58,1318.0
2024-10-31 04:00:00+00:00,88.77,88.77,86.89,86.94,86.94,3510.0
2024-11-01 04:00:00+00:00,85.78,87.63,81.99,82.81,82.81,5306.0
2024-11-04 05:00:00+00:00,82.65,84.91,82.65,83.31,83.31,7247.0
2024-11-05 05:00:00+00:00,83.1,86.14,83.1,85.33,85.33,13524.0
2024-11-06 05:00:00+00:00,90.69,94.23,90.17,92.88,92.88,5007.0
2024-11-07 05:00:00+00:00,92.05,92.63,91.08,91.39,91.39,2511.0
2024-11-08 05:00:00+00:00,90.77,90.98,89.93,89.93,89.93,4270.0
2024-11-11 05:00:00+00:00,90.56,92.23,89.84,91.21,91.21,6611.0
2024-11-12 05:00:00+00:00,90.4,90.4,87.65,87.65,87.65,4750.0
2024-11-13 05:00:00+00:00,88.63,89.85,87.62,87.62,87.62,7833.0
2024-11-14 05:00:00+00:00,86.67,87.2,86.39,86.42,86.42,17061.0
2024-11-15 05:00:00+00:00,87.07,87.2,85.67,85.67,85.67,7655.0
2024-11-18 05:00:00+00:00,86.24,86.58,85.57,85.57,85.57,5668.0
2024-11-19 05:00:00+00:00,84.43,84.93,84.35,84.88,84.88,3057.0
2024-11-20 05:00:00+00:00,84.95,85.45,84.35,85.21,85.21,2722.0
2024-11-21 05:00:00+00:00,87.39,87.43,87.3,87.43,87.43,1751.0
2024-11-22 05:00:00+00:00,88.76,90.15,88.76,89.04,89.04,8220.0
2024-11-25 05:00:00+00:00,91.31,91.74,90.84,90.84,90.84,2583.0
2024-11-26 05:00:00+00:00,88.49,89.0,87.76,88.09,88.09,6508.0
2024-11-27 05:00:00+00:00,88.9,88.97,87.67,87.67,87.67,4463.0
2024-11-29 05:00:00+00:00,88.14,88.3,87.66,88.26,88.26,3049.0
2024-12-02 05:00:00+00:00,88.43,88.57,87.25,88.32,88.32,7454.0
2024-12-03 05:00:00+00:00,87.5,88.04,87.39,87.89,87.89,9056.0
2024-12-04 05:00:00+00:00,87.7,88.31,86.84,87.36,87.36,10800.0
2024-12-05 05:00:00+00:00,86.51,86.51,85.39,85.39,85.39,4625.0
2024-12-06 05:00:00+00:00,85.04,85.5,84.34,85.4,85.4,6247.0
2024-12-09 05:00:00+00:00,85.52,86.46,84.92,85.2,85.2,16848.0
2024-12-10 05:00:00+00:00,84.83,86.58,84.6,85.43,85.43,13460.0
2024-12-11 05:00:00+00:00,85.31,85.88,84.51,84.55,84.55,5326.0
2024-12-12 05:00:00+00:00,84.09,84.76,83.34,83.73,83.73,14054.0
2024-12-13 05:00:00+00:00,83.27,84.92,83.17,83.8,83.8,11040.0
2024-12-16 05:00:00+00:00,84.55,84.96,83.95,84.73,84.73,9118.0
2024-12-17 05:00:00+00:00,83.5,84.52,83.43,83.65,83.65,12465.0
2024-12-18 05:00:00+00:00,84.84,84.84,79.81,80.32,80.32,26849.0
2024-12-19 05:00:00+00:00,81.74,81.78,81.27,81.38,81.38,9605.0
2024-12-20 05:00:00+00:00,81.35,81.57,79.47,79.81,79.81,10146.0
2024-12-23 05:00:00+00:00,79.81,79.81,79.81,79.81,79.81,0.0
2024-12-24 05:00:00+00:00,79.49,80.41,79.23,80.39,80.39,10479.0
2024-12-26 05:00:00+00:00,80.38,81.19,80.38,80.89,80.89,8083.0
2024-12-27 05:00:00+00:00,80.69,80.69,80.4,80.42,80.42,2469.0
2024-12-30 05:00:00+00:00,79.74,81.25,79.74,80.86,80.86,3550.0
2024-12-31 05:00:00+00:00,81.86,81.91,81.17,81.48,81.48,4281.0
2025-01-02 05:00:00+00:00,81.19,81.25,80.51,80.92,80.92,6480.0
2025-01-03 05:00:00+00:00,80.72,81.91,80.72,81.91,81.91,4008.0
2025-01-06 05:00:00+00:00,82.33,82.33,80.77,80.98,80.98,3801.0
2025-01-07 05:00:00+00:00,80.33,80.7,79.43,80.01,80.01,5138.0
2025-01-08 05:00:00+00:00,79.71,79.99,79.71,79.83,79.83,3615.0
2025-01-10 05:00:00+00:00,78.49,79.57,78.49,79.38,79.38,5099.0
2025-01-13 05:00:00+00:00,79.32,81.86,79.32,81.86,81.86,5065.0
2025-01-14 05:00:00+00:00,83.03,83.6,81.1,82.98,82.98,7144.0
2025-01-15 05:00:00+00:00,83.58,83.78,83.54,83.78,83.78,3654.0
2025-01-16 05:00:00+00:00,83.58,84.21,83.58,84.17,84.17,3968.0
2025-01-17 05:00:00+00:00,85.27,85.27,84.08,84.77,84.77,3678.0
2025-01-21 05:00:00+00:00,85.29,86.77,85.29,86.75,86.75,6644.0
2025-01-22 05:00:00+00:00,86.04,86.04,86.03,86.04,86.04,2198.0
2025-01-23 05:00:00+00:00,85.83,86.12,85.73,85.86,85.86,2948.0
2025-01-24 05:00:00+00:00,85.92,86.35,85.78,85.78,85.78,4068.0
2025-01-27 05:00:00+00:00,86.53,86.53,85.68,85.98,85.98,4249.0
2025-01-28 05:00:00+00:00,85.46,85.5,84.15,85.36,85.36,5995.0
2025-01-29 05:00:00+00:00,85.87,86.41,85.36,85.79,85.79,7059.0
2025-01-30 05:00:00+00:00,87.39,88.24,86.49,86.72,86.72,3508.0
2025-01-31 05:00:00+00:00,86.15,86.73,84.97,85.13,85.13,5354.0
2025-02-03 05:00:00+00:00,82.14,84.85,82.14,83.71,83.71,6664.0
2025-02-04 05:00:00+00:00,84.9,84.93,84.79,84.79,84.79,3073.0
2025-02-05 05:00:00+00:00,85.85,85.85,85.85,85.85,85.85,1741.0
2025-02-06 05:00:00+00:00,85.21,85.21,84.33,84.99,84.99,4562.0
2025-02-07 05:00:00+00:00,84.64,86.97,84.26,85.88,85.88,6560.0
2025-02-10 05:00:00+00:00,86.65,87.88,86.63,87.54,87.54,6573.0
2025-02-11 05:00:00+00:00,87.43,88.43,87.12,87.94,87.94,7895.0
2025-02-12 05:00:00+00:00,87.48,87.72,85.95,86.85,86.85,22604.0
2025-02-13 05:00:00+00:00,87.13,88.02,86.85,87.93,87.93,6551.0
2025-02-14 05:00:00+00:00,89.05,89.05,86.99,87.25,87.25,6201.0
2025-02-18 05:00:00+00:00,83.87,85.64,83.43,85.64,85.64,12326.0
2025-02-19 05:00:00+00:00,85.34,90.13,84.65,88.5,88.5,20767.0
2025-02-20 05:00:00+00:00,87.33,88.85,86.54,88.83,88.83,11286.0
2025-02-21 05:00:00+00:00,88.83,89.01,86.25,86.58,86.58,10809.0
2025-02-24 05:00:00+00:00,87.32,88.26,86.99,87.18,87.18,13323.0
2025-02-25 05:00:00+00:00,87.74,88.33,86.58,87.08,87.08,11282.0
2025-02-26 05:00:00+00:00,87.04,87.39,85.63,85.63,85.63,8972.0
2025-02-27 05:00:00+00:00,85.57,85.67,84.91,84.97,84.97,7700.0
2025-02-28 05:00:00+00:00,85.24,86.685,85.18,86.685,86.685,6160.0
2025-03-03 05:00:00+00:00,85.94,86.13,82.39,82.72,82.72,9973.0
2025-03-04 05:00:00+00:00,81.835,82.86,81.635,81.91,81.91,4947.0
2025-03-05 05:00:00+00:00,82.705,83.05,82.22,82.96,82.96,6406.0
2025-03-06 05:00:00+00:00,83.065,84.25,82.93,84.08,84.08,4032.0
2025-03-07 05:00:00+00:00,84.755,86.85,84.755,86.57,86.57,9300.0
2025-03-10 04:00:00+00:00,86.74,87.475,84.69,84.71,84.71,7286.0
2025-03-11 04:00:00+00:00,84.975,85.505,84.49,84.85,84.85,8748.0
2025-03-12 04:00:00+00:00,84.575,84.575,82.36,82.36,82.36,6655.0
2025-03-13 04:00:00+00:00,82.96,82.96,82.455,82.455,82.455,2762.0
2025-03-14 04:00:00+00:00,82.895,84.71,82.83,84.56,84.56,5835.0
2025-03-17 04:00:00+00:00,84.63,85.81,83.58,83.6,83.6,7268.0
2025-03-18 04:00:00+00:00,84.12,84.705,84.12,84.21,84.21,5247.0
2025-03-19 04:00:00+00:00,85.09,85.25,84.53,84.78,84.78,4743.0
2025-03-20 04:00:00+00:00,84.51,84.92,84.465,84.6,84.6,4226.0
2025-03-21 04:00:00+00:00,82.37,83.04,81.82,81.835,81.835,6252.0
2025-03-24 04:00:00+00:00,83.14,83.3,81.73,81.8,81.8,4870.0
2025-03-25 04:00:00+00:00,81.64,81.64,80.975,81.3,81.3,5497.0
2025-03-26 04:00:00+00:00,82.855,82.855,81.74,82.02,82.02,4172.0
2025-03-27 04:00:00+00:00,82.085,83.015,81.98,82.68,82.68,6409.0
2025-03-28 04:00:00+00:00,81.65,81.65,80.225,80.855,80.855,6154.0
2025-03-31 04:00:00+00:00,79.64,80.08,79.255,80.08,80.08,2821.0
2025-04-01 04:00:00+00:00,79.43,80.19,79.43,80.19,80.19,2902.0
2025-04-02 04:00:00+00:00,80.56,81.145,80.56,81.145,81.145,1395.0
2025-04-03 04:00:00+00:00,77.035,77.035,75.63,75.67,75.67,3516.0
2025-04-04 04:00:00+00:00,73.71,74.37,71.825,74.37,74.37,14254.0
